200;0.0;100;1.0;0.5
400;0.0;99.25;1.0;0.5
600;0.0;98.50000000000001;1.0;0.5
800;0.0;97.75000000000001;1.0;0.5
1000;0.0;97.00000000000001;1.0;0.5
1200;0.0;96.25000000000003;1.0;0.5
1400;0.0;95.50000000000003;1.0;0.5
1600;0.0;94.75000000000003;1.0;0.5
1800;0.0;94.00000000000004;1.0;0.5
2000;0.0;93.25000000000004;1.0;0.5
2200;0.0;92.50000000000004;1.0;0.5
2400;0.0;91.75000000000006;1.0;0.5
2600;0.0;91.00000000000006;1.0;0.5
2800;0.0;90.25000000000006;1.0;0.5
3000;0.0;89.50000000000007;1.0;0.5
3200;0.0;88.75000000000007;1.0;0.5
3400;0.0;88.00000000000009;1.0;0.5
3600;0.0;87.25000000000009;1.0;0.5
3800;0.0;86.50000000000009;1.0;0.5
4000;0.0;85.7500000000001;1.0;0.5
4200;0.0;85.0000000000001;1.0;0.5
4400;0.0;84.2500000000001;1.0;0.5
4600;0.0;83.50000000000011;1.0;0.5
4800;0.0;82.75000000000011;1.0;0.5
5000;0.0;82.00000000000011;1.0;0.5
5200;0.0;81.25000000000013;1.0;0.5
5400;0.0;80.50000000000013;1.0;0.5
5600;0.0;79.75000000000013;1.0;0.5
5800;0.0;79.00000000000014;1.0;0.5
6000;0.0;78.25000000000014;1.0;0.5
6200;0.0;77.50000000000014;1.0;0.5
6400;0.0;76.75000000000016;1.0;0.5
6600;0.0;76.00000000000016;1.0;0.5
6800;0.0;75.25000000000016;1.0;0.5
7000;0.0;74.50000000000017;1.0;0.5
7200;0.0;73.75000000000017;1.0;0.5
7400;0.0;73.00000000000017;1.0;0.5
7600;0.0;72.25000000000018;1.0;0.5
7800;0.0;71.50000000000018;1.0;0.5
8000;0.0;70.75000000000018;1.0;0.5
8200;0.0;70.0000000000002;1.0;0.5
8400;0.0;69.2500000000002;1.0;0.5
8600;0.0;68.5000000000002;1.0;0.5
8800;0.0;67.75000000000021;1.0;0.5
9000;0.0;67.00000000000021;1.0;0.5
9200;0.0;66.25000000000021;1.0;0.5
9400;0.0;65.50000000000023;1.0;0.5
9600;0.0;64.75000000000023;1.0;0.5
9800;0.0;64.00000000000023;1.0;0.5
10000;0.0;63.25000000000024;1.0;0.5
10200;0.0;62.50000000000024;1.0;0.5
10400;0.0;61.75000000000025;1.0;0.5
10600;0.0;61.000000000000256;1.0;0.5
10800;0.0;60.250000000000256;1.0;0.5
11000;0.0;59.50000000000026;1.0;0.5
11200;0.0;58.75000000000027;1.0;0.5
11400;0.0;58.00000000000027;1.0;0.5
11600;0.0;57.25000000000028;1.0;0.5
11800;0.0;56.500000000000284;1.0;0.5
12000;0.0;55.75000000000029;1.0;0.5
12200;0.0;55.00000000000029;1.0;0.5
12400;0.0;54.2500000000003;1.0;0.5
12600;0.0;53.500000000000306;1.0;0.5
12800;0.0;52.750000000000306;1.0;0.5
13000;0.0;52.00000000000031;1.0;0.5
13200;0.0;51.25000000000032;1.0;0.5
13400;0.0;50.50000000000032;1.0;0.5
13600;0.0;49.75000000000032;1.0;0.5
13800;0.0;49.00000000000032;1.0;0.5
14000;0.0;48.25000000000032;1.0;0.5
14200;0.0;47.50000000000032;1.0;0.5
14400;0.0;46.75000000000032;1.0;0.5
14600;0.0;46.00000000000032;1.0;0.5
14800;0.0;45.25000000000032;1.0;0.5
15000;0.0;44.50000000000032;1.0;0.5
15200;0.0;43.75000000000032;1.0;0.5
15400;0.0;43.00000000000031;1.0;0.5
15600;0.0;42.25000000000031;1.0;0.5
15800;0.0;41.50000000000031;1.0;0.5
16000;0.0;40.75000000000031;1.0;0.5
16200;0.0;40.00000000000031;1.0;0.5
16400;0.0;39.25000000000031;1.0;0.5
16600;0.0;38.50000000000031;1.0;0.5
16800;0.0;37.75000000000031;1.0;0.5
17000;0.0;37.00000000000031;1.0;0.5
17200;0.0;36.25000000000031;1.0;0.5
17400;0.0;35.50000000000031;1.0;0.5
17600;0.0;34.750000000000306;1.0;0.5
17800;0.0;34.000000000000306;1.0;0.5
18000;0.0;33.250000000000306;1.0;0.5
18200;0.0;32.500000000000306;1.0;0.5
18400;0.0;31.750000000000306;1.0;0.5
18600;0.0;31.000000000000306;1.0;0.5
18800;0.0;30.250000000000306;1.0;0.5
19000;0.0;29.500000000000306;1.0;0.5
19200;0.0;28.750000000000302;1.0;0.5
19400;0.0;28.000000000000302;1.0;0.5
19600;0.0;27.250000000000302;1.0;0.5
19800;0.0;26.500000000000302;1.0;0.5
20000;0.0;25.750000000000302;1.0;0.5
20200;0.0;25.0000000000003;1.0;0.5
20400;0.0;24.2500000000003;1.0;0.5
20600;0.0;23.5000000000003;1.0;0.5
20800;0.0;22.7500000000003;1.0;0.5
21000;0.0;22.0000000000003;1.0;0.5
21200;0.0;21.250000000000295;1.0;0.5
21400;0.0;20.500000000000295;1.0;0.5
21600;0.0;19.750000000000295;1.0;0.5
21800;0.0;19.000000000000295;1.0;0.5
22000;0.0;18.250000000000295;1.0;0.5
22200;0.0;17.50000000000029;1.0;0.5
22400;0.0;16.75000000000029;1.0;0.5
22600;0.0;16.00000000000029;1.0;0.5
22800;0.0;15.250000000000291;1.0;0.5
23000;0.0;14.500000000000291;1.0;0.5
23200;0.0;13.75000000000029;1.0;0.5
23400;0.0;13.00000000000029;1.0;0.5
23600;0.0;12.250000000000288;1.0;0.5
23800;0.0;11.500000000000288;1.0;0.5
24000;0.0;10.750000000000288;1.0;0.5
24200;0.0;10.000000000000286;1.0;0.5
24400;0.0;9.250000000000286;1.0;0.5
24600;0.0;8.500000000000284;1.0;0.5
24800;0.0;7.750000000000284;1.0;0.5
25000;0.0;7.000000000000284;1.0;0.5
25200;0.0;6.250000000000283;1.0;0.5
25400;0.0;5.500000000000283;1.0;0.5
25600;0.0;4.750000000000283;1.0;0.5
25800;0.0;4.000000000000283;1.0;0.5
26000;0.0;3.2500000000002833;1.0;0.5
26200;0.0;2.5000000000002833;1.0;0.5
26400;0.0;1.7500000000002833;1.0;0.5
26600;0.0;1.0000000000002833;1.0;0.5
26800;0.0;0.25000000000028333;1.0;0.5
27000;0.0;0.25000000000028333;1.0;0.5
27200;0.0;0.25000000000028333;1.0;0.5
27400;0.0;0.25000000000028333;1.0;0.5
27600;0.0;0.25000000000028333;1.0;0.5
27800;0.0;0.25000000000028333;1.0;0.5
28000;0.0;0.25000000000028333;1.0;0.5
28200;0.0;0.25000000000028333;1.0;0.5
28400;0.0;0.25000000000028333;1.0;0.5
28600;0.0;0.25000000000028333;1.0;0.5
28800;0.0;0.25000000000028333;1.0;0.5
29000;0.0;0.25000000000028333;1.0;0.5
29200;0.0;0.25000000000028333;1.0;0.5
29400;0.0;0.25000000000028333;1.0;0.5
29600;0.0;0.25000000000028333;1.0;0.5
29800;0.0;0.25000000000028333;1.0;0.5
30000;0.0;0.25000000000028333;1.0;0.5
30200;0.0;0.25000000000028333;1.0;0.5
30400;0.0;0.25000000000028333;1.0;0.5
30600;0.0;0.25000000000028333;1.0;0.5
30800;0.0;0.25000000000028333;1.0;0.5
31000;0.0;0.25000000000028333;1.0;0.5
31200;0.0;0.25000000000028333;1.0;0.5
31400;0.0;0.25000000000028333;1.0;0.5
31600;0.0;0.25000000000028333;1.0;0.5
31800;0.0;0.25000000000028333;1.0;0.5
32000;0.0;0.25000000000028333;1.0;0.5
32200;0.0;0.25000000000028333;1.0;0.5
32400;0.0;0.25000000000028333;1.0;0.5
32600;0.0;0.25000000000028333;1.0;0.5
32800;0.0;0.25000000000028333;1.0;0.5
33000;0.0;0.25000000000028333;1.0;0.5
33200;0.0;0.25000000000028333;1.0;0.5
33400;0.0;0.25000000000028333;1.0;0.5
33600;0.0;0.25000000000028333;1.0;0.5
33800;0.0;0.25000000000028333;1.0;0.5
34000;0.0;0.25000000000028333;1.0;0.5
34200;0.0;0.25000000000028333;1.0;0.5
34400;0.0;0.25000000000028333;1.0;0.5
34600;0.0;0.25000000000028333;1.0;0.5
34800;0.0;0.25000000000028333;1.0;0.5
35000;0.0;0.25000000000028333;1.0;0.5
35200;0.0;0.25000000000028333;1.0;0.5
35400;0.0;0.25000000000028333;1.0;0.5
35600;0.0;0.25000000000028333;1.0;0.5
35800;0.0;0.25000000000028333;1.0;0.5
36000;0.0;0.25000000000028333;1.0;0.5
36200;0.0;0.25000000000028333;1.0;0.5
36400;0.0;0.25000000000028333;1.0;0.5
36600;0.0;0.25000000000028333;1.0;0.5
36800;0.0;0.25000000000028333;1.0;0.5
37000;0.0;0.25000000000028333;1.0;0.5
37200;0.0;0.25000000000028333;1.0;0.5
37400;0.0;0.25000000000028333;1.0;0.5
37600;0.0;0.25000000000028333;1.0;0.5
37800;0.0;0.25000000000028333;1.0;0.5
38000;0.0;0.25000000000028333;1.0;0.5
38200;0.0;0.25000000000028333;1.0;0.5
38400;0.0;0.25000000000028333;1.0;0.5
38600;0.0;0.25000000000028333;1.0;0.5
38800;0.0;0.25000000000028333;1.0;0.5
39000;0.0;0.25000000000028333;1.0;0.5
39200;0.0;0.25000000000028333;1.0;0.5
39400;0.0;0.25000000000028333;1.0;0.5
39600;0.0;0.25000000000028333;1.0;0.5
39800;0.0;0.25000000000028333;1.0;0.5
40000;0.0;0.25000000000028333;1.0;0.5
40200;0.0;0.25000000000028333;1.0;0.5
40400;0.0;0.25000000000028333;1.0;0.5
40600;0.0;0.25000000000028333;1.0;0.5
40800;0.0;0.25000000000028333;1.0;0.5
41000;0.0;0.25000000000028333;1.0;0.5
41200;0.0;0.25000000000028333;1.0;0.5
41400;0.0;0.25000000000028333;1.0;0.5
41600;0.0;0.25000000000028333;1.0;0.5
41800;0.0;0.25000000000028333;1.0;0.5
42000;0.0;0.25000000000028333;1.0;0.5
42200;0.0;0.25000000000028333;1.0;0.5
42400;0.0;0.25000000000028333;1.0;0.5
42600;0.0;0.25000000000028333;1.0;0.5
42800;0.0;0.25000000000028333;1.0;0.5
43000;0.0;0.25000000000028333;1.0;0.5
43200;0.0;0.25000000000028333;1.0;0.5
43400;0.0;0.25000000000028333;1.0;0.5
43600;0.0;0.25000000000028333;1.0;0.5
43800;0.0;0.25000000000028333;1.0;0.5
44000;0.0;0.25000000000028333;1.0;0.5
44200;0.0;0.25000000000028333;1.0;0.5
44400;0.0;0.25000000000028333;1.0;0.5
44600;0.0;0.25000000000028333;1.0;0.5
44800;0.0;0.25000000000028333;1.0;0.5
45000;0.0;0.25000000000028333;1.0;0.5
45200;0.0;0.25000000000028333;1.0;0.5
45400;0.0;0.25000000000028333;1.0;0.5
45600;0.0;0.25000000000028333;1.0;0.5
45800;0.0;0.25000000000028333;1.0;0.5
46000;0.0;0.25000000000028333;1.0;0.5
46200;0.0;0.25000000000028333;1.0;0.5
46400;0.0;0.25000000000028333;1.0;0.5
46600;0.0;0.25000000000028333;1.0;0.5
46800;0.0;0.25000000000028333;1.0;0.5
47000;0.0;0.25000000000028333;1.0;0.5
47200;0.0;0.25000000000028333;1.0;0.5
47400;0.0;0.25000000000028333;1.0;0.5
47600;0.0;0.25000000000028333;1.0;0.5
47800;0.0;0.25000000000028333;1.0;0.5
48000;0.0;0.25000000000028333;1.0;0.5
48200;0.0;0.25000000000028333;1.0;0.5
48400;0.0;0.25000000000028333;1.0;0.5
48600;0.0;0.25000000000028333;1.0;0.5
48800;0.0;0.25000000000028333;1.0;0.5
49000;0.0;0.25000000000028333;1.0;0.5
49200;0.0;0.25000000000028333;1.0;0.5
49400;0.0;0.25000000000028333;1.0;0.5
49600;0.0;0.25000000000028333;1.0;0.5
49800;0.0;0.25000000000028333;1.0;0.5
50000;0.0;0.25000000000028333;1.0;0.5
50200;0.0;0.25000000000028333;1.0;0.5
50400;0.0;0.25000000000028333;1.0;0.5
50600;0.0;0.25000000000028333;1.0;0.5
50800;0.0;0.25000000000028333;1.0;0.5
51000;0.0;0.25000000000028333;1.0;0.5
51200;0.0;0.25000000000028333;1.0;0.5
51400;0.0;0.25000000000028333;1.0;0.5
51600;0.0;0.25000000000028333;1.0;0.5
51800;0.0;0.25000000000028333;1.0;0.5
52000;0.0;0.25000000000028333;1.0;0.5
52200;0.0;0.25000000000028333;1.0;0.5
52400;0.0;0.25000000000028333;1.0;0.5
52600;0.0;0.25000000000028333;1.0;0.5
52800;0.0;0.25000000000028333;1.0;0.5
53000;0.0;0.25000000000028333;1.0;0.5
53200;0.0;0.25000000000028333;1.0;0.5
53400;0.0;0.25000000000028333;1.0;0.5
53600;0.0;0.25000000000028333;1.0;0.5
53800;0.0;0.25000000000028333;1.0;0.5
54000;0.0;0.25000000000028333;1.0;0.5
54200;0.0;0.25000000000028333;1.0;0.5
54400;0.0;0.25000000000028333;1.0;0.5
54600;0.0;0.25000000000028333;1.0;0.5
54800;0.0;0.25000000000028333;1.0;0.5
55000;0.0;0.25000000000028333;1.0;0.5
55200;0.0;0.25000000000028333;1.0;0.5
55400;0.0;0.25000000000028333;1.0;0.5
55600;0.0;0.25000000000028333;1.0;0.5
55800;0.0;0.25000000000028333;1.0;0.5
56000;0.0;0.25000000000028333;1.0;0.5
56200;0.0;0.25000000000028333;1.0;0.5
56400;0.0;0.25000000000028333;1.0;0.5
56600;0.0;0.25000000000028333;1.0;0.5
56800;0.0;0.25000000000028333;1.0;0.5
57000;0.0;0.25000000000028333;1.0;0.5
57200;0.0;0.25000000000028333;1.0;0.5
57400;0.0;0.25000000000028333;1.0;0.5
57600;0.0;0.25000000000028333;1.0;0.5
57800;0.0;0.25000000000028333;1.0;0.5
58000;0.0;0.25000000000028333;1.0;0.5
58200;0.0;0.25000000000028333;1.0;0.5
58400;0.0;0.25000000000028333;1.0;0.5
58600;0.0;0.25000000000028333;1.0;0.5
58800;0.0;0.25000000000028333;1.0;0.5
59000;0.0;0.25000000000028333;1.0;0.5
59200;0.0;0.25000000000028333;1.0;0.5
59400;0.0;0.25000000000028333;1.0;0.5
59600;0.0;0.25000000000028333;1.0;0.5
59800;0.0;0.25000000000028333;1.0;0.5
60000;0.0;0.25000000000028333;1.0;0.5
60200;0.0;0.25000000000028333;1.0;0.5
60400;0.0;0.25000000000028333;1.0;0.5
60600;0.0;0.25000000000028333;1.0;0.5
60800;0.0;0.25000000000028333;1.0;0.5
61000;0.0;0.25000000000028333;1.0;0.5
61200;0.0;0.25000000000028333;1.0;0.5
61400;0.0;0.25000000000028333;1.0;0.5
61600;0.0;0.25000000000028333;1.0;0.5
61800;0.0;0.25000000000028333;1.0;0.5
62000;0.0;0.25000000000028333;1.0;0.5
62200;0.0;0.25000000000028333;1.0;0.5
62400;0.0;0.25000000000028333;1.0;0.5
62600;0.0;0.25000000000028333;1.0;0.5
62800;0.0;0.25000000000028333;1.0;0.5
63000;0.0;0.25000000000028333;1.0;0.5
63200;0.0;0.25000000000028333;1.0;0.5
63400;0.0;0.25000000000028333;1.0;0.5
63600;0.0;0.25000000000028333;1.0;0.5
63800;0.0;0.25000000000028333;1.0;0.5
64000;0.0;0.25000000000028333;1.0;0.5
64200;0.0;0.25000000000028333;1.0;0.5
64400;0.0;0.25000000000028333;1.0;0.5
64600;0.0;0.25000000000028333;1.0;0.5
64800;0.0;0.25000000000028333;1.0;0.5
65000;0.0;0.25000000000028333;1.0;0.5
65200;0.0;0.25000000000028333;1.0;0.5
65400;0.0;0.25000000000028333;1.0;0.5
65600;0.0;0.25000000000028333;1.0;0.5
65800;0.0;0.25000000000028333;1.0;0.5
66000;0.0;0.25000000000028333;1.0;0.5
66200;0.0;0.25000000000028333;1.0;0.5
66400;0.0;0.25000000000028333;1.0;0.5
66600;0.0;0.25000000000028333;1.0;0.5
66800;0.0;0.25000000000028333;1.0;0.5
67000;0.0;0.25000000000028333;1.0;0.5
67200;0.0;0.25000000000028333;1.0;0.5
67400;0.0;0.25000000000028333;1.0;0.5
67600;0.0;0.25000000000028333;1.0;0.5
67800;0.0;0.25000000000028333;1.0;0.5
68000;0.0;0.25000000000028333;1.0;0.5
68200;0.0;0.25000000000028333;1.0;0.5
68400;0.0;0.25000000000028333;1.0;0.5
68600;0.0;0.25000000000028333;1.0;0.5
68800;0.0;0.25000000000028333;1.0;0.5
69000;0.0;0.25000000000028333;1.0;0.5
69200;0.0;0.25000000000028333;1.0;0.5
69400;0.0;0.25000000000028333;1.0;0.5
69600;0.0;0.25000000000028333;1.0;0.5
69800;0.0;0.25000000000028333;1.0;0.5
70000;0.0;0.25000000000028333;1.0;0.5
70200;0.0;0.25000000000028333;1.0;0.5
70400;0.0;0.25000000000028333;1.0;0.5
70600;0.0;0.25000000000028333;1.0;0.5
70800;0.0;0.25000000000028333;1.0;0.5
71000;0.0;0.25000000000028333;1.0;0.5
71200;0.0;0.25000000000028333;1.0;0.5
71400;0.0;0.25000000000028333;1.0;0.5
71600;0.0;0.25000000000028333;1.0;0.5
71800;0.0;0.25000000000028333;1.0;0.5
72000;0.0;0.25000000000028333;1.0;0.5
72200;0.0;0.25000000000028333;1.0;0.5
72400;0.0;0.25000000000028333;1.0;0.5
72600;0.0;0.25000000000028333;1.0;0.5
72800;0.0;0.25000000000028333;1.0;0.5
73000;0.0;0.25000000000028333;1.0;0.5
73200;0.0;0.25000000000028333;1.0;0.5
73400;0.0;0.25000000000028333;1.0;0.5
73600;0.0;0.25000000000028333;1.0;0.5
73800;0.0;0.25000000000028333;1.0;0.5
74000;0.0;0.25000000000028333;1.0;0.5
74200;0.0;0.25000000000028333;1.0;0.5
74400;0.0;0.25000000000028333;1.0;0.5
74600;0.0;0.25000000000028333;1.0;0.5
74800;0.0;0.25000000000028333;1.0;0.5
75000;0.0;0.25000000000028333;1.0;0.5
75200;0.0;0.25000000000028333;1.0;0.5
75400;0.0;0.25000000000028333;1.0;0.5
75600;0.0;0.25000000000028333;1.0;0.5
75800;0.0;0.25000000000028333;1.0;0.5
76000;0.0;0.25000000000028333;1.0;0.5
76200;0.0;0.25000000000028333;1.0;0.5
76400;0.0;0.25000000000028333;1.0;0.5
76600;0.0;0.25000000000028333;1.0;0.5
76800;0.0;0.25000000000028333;1.0;0.5
77000;0.0;0.25000000000028333;1.0;0.5
77200;0.0;0.25000000000028333;1.0;0.5
77400;0.0;0.25000000000028333;1.0;0.5
77600;0.0;0.25000000000028333;1.0;0.5
77800;0.0;0.25000000000028333;1.0;0.5
78000;0.0;0.25000000000028333;1.0;0.5
78200;0.0;0.25000000000028333;1.0;0.5
78400;0.0;0.25000000000028333;1.0;0.5
78600;0.0;0.25000000000028333;1.0;0.5
78800;0.0;0.25000000000028333;1.0;0.5
79000;0.0;0.25000000000028333;1.0;0.5
79200;0.0;0.25000000000028333;1.0;0.5
79400;0.0;0.25000000000028333;1.0;0.5
79600;0.0;0.25000000000028333;1.0;0.5
79800;0.0;0.25000000000028333;1.0;0.5
80000;0.0;0.25000000000028333;1.0;0.5
80200;0.0;0.25000000000028333;1.0;0.5
80400;0.0;0.25000000000028333;1.0;0.5
80600;0.0;0.25000000000028333;1.0;0.5
80800;0.0;0.25000000000028333;1.0;0.5
81000;0.0;0.25000000000028333;1.0;0.5
81200;0.0;0.25000000000028333;1.0;0.5
81400;0.0;0.25000000000028333;1.0;0.5
81600;0.0;0.25000000000028333;1.0;0.5
81800;0.0;0.25000000000028333;1.0;0.5
82000;0.0;0.25000000000028333;1.0;0.5
82200;0.0;0.25000000000028333;1.0;0.5
82400;0.0;0.25000000000028333;1.0;0.5
82600;0.0;0.25000000000028333;1.0;0.5
82800;0.0;0.25000000000028333;1.0;0.5
83000;0.0;0.25000000000028333;1.0;0.5
83200;0.0;0.25000000000028333;1.0;0.5
83400;0.0;0.25000000000028333;1.0;0.5
83600;0.0;0.25000000000028333;1.0;0.5
83800;0.0;0.25000000000028333;1.0;0.5
84000;0.0;0.25000000000028333;1.0;0.5
84200;0.0;0.25000000000028333;1.0;0.5
84400;0.0;0.25000000000028333;1.0;0.5
84600;0.0;0.25000000000028333;1.0;0.5
84800;0.0;0.25000000000028333;1.0;0.5
85000;0.0;0.25000000000028333;1.0;0.5
85200;0.0;0.25000000000028333;1.0;0.5
85400;0.0;0.25000000000028333;1.0;0.5
85600;0.0;0.25000000000028333;1.0;0.5
85800;0.0;0.25000000000028333;1.0;0.5
86000;0.0;0.25000000000028333;1.0;0.5
86200;0.0;0.25000000000028333;1.0;0.5
86400;0.0;0.25000000000028333;1.0;0.5
86600;0.0;0.25000000000028333;1.0;0.5
86800;0.0;0.25000000000028333;1.0;0.5
87000;0.0;0.25000000000028333;1.0;0.5
87200;0.0;0.25000000000028333;1.0;0.5
87400;0.0;0.25000000000028333;1.0;0.5
87600;0.0;0.25000000000028333;1.0;0.5
87800;0.0;0.25000000000028333;1.0;0.5
88000;0.0;0.25000000000028333;1.0;0.5
88200;0.0;0.25000000000028333;1.0;0.5
88400;0.0;0.25000000000028333;1.0;0.5
88600;0.0;0.25000000000028333;1.0;0.5
88800;0.0;0.25000000000028333;1.0;0.5
89000;0.0;0.25000000000028333;1.0;0.5
89200;0.0;0.25000000000028333;1.0;0.5
89400;0.0;0.25000000000028333;1.0;0.5
89600;0.0;0.25000000000028333;1.0;0.5
89800;0.0;0.25000000000028333;1.0;0.5
90000;0.0;0.25000000000028333;1.0;0.5
90200;0.0;0.25000000000028333;1.0;0.5
90400;0.0;0.25000000000028333;1.0;0.5
90600;0.0;0.25000000000028333;1.0;0.5
90800;0.0;0.25000000000028333;1.0;0.5
91000;0.0;0.25000000000028333;1.0;0.5
91200;0.0;0.25000000000028333;1.0;0.5
91400;0.0;0.25000000000028333;1.0;0.5
91600;0.0;0.25000000000028333;1.0;0.5
91800;0.0;0.25000000000028333;1.0;0.5
92000;0.0;0.25000000000028333;1.0;0.5
92200;0.0;0.25000000000028333;1.0;0.5
92400;0.0;0.25000000000028333;1.0;0.5
92600;0.0;0.25000000000028333;1.0;0.5
92800;0.0;0.25000000000028333;1.0;0.5
93000;0.0;0.25000000000028333;1.0;0.5
93200;0.0;0.25000000000028333;1.0;0.5
93400;0.0;0.25000000000028333;1.0;0.5
93600;0.0;0.25000000000028333;1.0;0.5
93800;0.0;0.25000000000028333;1.0;0.5
94000;0.0;0.25000000000028333;1.0;0.5
94200;0.0;0.25000000000028333;1.0;0.5
94400;0.0;0.25000000000028333;1.0;0.5
94600;0.0;0.25000000000028333;1.0;0.5
94800;0.0;0.25000000000028333;1.0;0.5
95000;0.0;0.25000000000028333;1.0;0.5
95200;0.0;0.25000000000028333;1.0;0.5
95400;0.0;0.25000000000028333;1.0;0.5
95600;0.0;0.25000000000028333;1.0;0.5
95800;0.0;0.25000000000028333;1.0;0.5
96000;0.0;0.25000000000028333;1.0;0.5
96200;0.0;0.25000000000028333;1.0;0.5
96400;0.0;0.25000000000028333;1.0;0.5
96600;0.0;0.25000000000028333;1.0;0.5
96800;0.0;0.25000000000028333;1.0;0.5
97000;0.0;0.25000000000028333;1.0;0.5
97200;0.0;0.25000000000028333;1.0;0.5
97400;0.0;0.25000000000028333;1.0;0.5
97600;0.0;0.25000000000028333;1.0;0.5
97800;0.0;0.25000000000028333;1.0;0.5
98000;0.0;0.25000000000028333;1.0;0.5
98200;0.0;0.25000000000028333;1.0;0.5
98400;0.0;0.25000000000028333;1.0;0.5
98600;0.0;0.25000000000028333;1.0;0.5
98800;0.0;0.25000000000028333;1.0;0.5
99000;0.0;0.25000000000028333;1.0;0.5
99200;0.0;0.25000000000028333;1.0;0.5
99400;0.0;0.25000000000028333;1.0;0.5
99600;0.0;0.25000000000028333;1.0;0.5
99800;0.0;0.25000000000028333;1.0;0.5
100000;0.0;0.25000000000028333;1.0;0.5
100200;0.0;0.25000000000028333;1.0;0.5
100400;0.0;0.25000000000028333;1.0;0.5
100600;0.0;0.25000000000028333;1.0;0.5
100800;0.0;0.25000000000028333;1.0;0.5
101000;0.0;0.25000000000028333;1.0;0.5
101200;0.0;0.25000000000028333;1.0;0.5
101400;0.0;0.25000000000028333;1.0;0.5
101600;0.0;0.25000000000028333;1.0;0.5
101800;0.0;0.25000000000028333;1.0;0.5
102000;0.0;0.25000000000028333;1.0;0.5
102200;0.0;0.25000000000028333;1.0;0.5
102400;0.0;0.25000000000028333;1.0;0.5
102600;0.0;0.25000000000028333;1.0;0.5
102800;0.0;0.25000000000028333;1.0;0.5
103000;0.0;0.25000000000028333;1.0;0.5
103200;0.0;0.25000000000028333;1.0;0.5
103400;0.0;0.25000000000028333;1.0;0.5
103600;0.0;0.25000000000028333;1.0;0.5
103800;0.0;0.25000000000028333;1.0;0.5
104000;0.0;0.25000000000028333;1.0;0.5
104200;0.0;0.25000000000028333;1.0;0.5
104400;0.0;0.25000000000028333;1.0;0.5
104600;0.0;0.25000000000028333;1.0;0.5
104800;0.0;0.25000000000028333;1.0;0.5
105000;0.0;0.25000000000028333;1.0;0.5
105200;0.0;0.25000000000028333;1.0;0.5
105400;0.0;0.25000000000028333;1.0;0.5
105600;0.0;0.25000000000028333;1.0;0.5
105800;0.0;0.25000000000028333;1.0;0.5
106000;0.0;0.25000000000028333;1.0;0.5
106200;0.0;0.25000000000028333;1.0;0.5
106400;0.0;0.25000000000028333;1.0;0.5
106600;0.0;0.25000000000028333;1.0;0.5
106800;0.0;0.25000000000028333;1.0;0.5
107000;0.0;0.25000000000028333;1.0;0.5
107200;0.0;0.25000000000028333;1.0;0.5
107400;0.0;0.25000000000028333;1.0;0.5
107600;0.0;0.25000000000028333;1.0;0.5
107800;0.0;0.25000000000028333;1.0;0.5
108000;0.0;0.25000000000028333;1.0;0.5
108200;0.0;0.25000000000028333;1.0;0.5
108400;0.0;0.25000000000028333;1.0;0.5
108600;0.0;0.25000000000028333;1.0;0.5
108800;0.0;0.25000000000028333;1.0;0.5
109000;0.0;0.25000000000028333;1.0;0.5
109200;0.0;0.25000000000028333;1.0;0.5
109400;0.0;0.25000000000028333;1.0;0.5
109600;0.0;0.25000000000028333;1.0;0.5
109800;0.0;0.25000000000028333;1.0;0.5
110000;0.0;0.25000000000028333;1.0;0.5
110200;0.0;0.25000000000028333;1.0;0.5
110400;0.0;0.25000000000028333;1.0;0.5
110600;0.0;0.25000000000028333;1.0;0.5
110800;0.0;0.25000000000028333;1.0;0.5
111000;0.0;0.25000000000028333;1.0;0.5
111200;0.0;0.25000000000028333;1.0;0.5
111400;0.0;0.25000000000028333;1.0;0.5
111600;0.0;0.25000000000028333;1.0;0.5
111800;0.0;0.25000000000028333;1.0;0.5
112000;0.0;0.25000000000028333;1.0;0.5
112200;0.0;0.25000000000028333;1.0;0.5
112400;0.0;0.25000000000028333;1.0;0.5
112600;0.0;0.25000000000028333;1.0;0.5
112800;0.0;0.25000000000028333;1.0;0.5
113000;0.0;0.25000000000028333;1.0;0.5
113200;0.0;0.25000000000028333;1.0;0.5
113400;0.0;0.25000000000028333;1.0;0.5
113600;0.0;0.25000000000028333;1.0;0.5
113800;0.0;0.25000000000028333;1.0;0.5
114000;0.0;0.25000000000028333;1.0;0.5
114200;0.0;0.25000000000028333;1.0;0.5
114400;0.0;0.25000000000028333;1.0;0.5
114600;0.0;0.25000000000028333;1.0;0.5
114800;0.0;0.25000000000028333;1.0;0.5
115000;0.0;0.25000000000028333;1.0;0.5
115200;0.0;0.25000000000028333;1.0;0.5
115400;0.0;0.25000000000028333;1.0;0.5
115600;0.0;0.25000000000028333;1.0;0.5
115800;0.0;0.25000000000028333;1.0;0.5
116000;0.0;0.25000000000028333;1.0;0.5
116200;0.0;0.25000000000028333;1.0;0.5
116400;0.0;0.25000000000028333;1.0;0.5
116600;0.0;0.25000000000028333;1.0;0.5
116800;0.0;0.25000000000028333;1.0;0.5
117000;0.0;0.25000000000028333;1.0;0.5
117200;0.0;0.25000000000028333;1.0;0.5
117400;0.0;0.25000000000028333;1.0;0.5
117600;0.0;0.25000000000028333;1.0;0.5
117800;0.0;0.25000000000028333;1.0;0.5
118000;0.0;0.25000000000028333;1.0;0.5
118200;0.0;0.25000000000028333;1.0;0.5
118400;0.0;0.25000000000028333;1.0;0.5
118600;0.0;0.25000000000028333;1.0;0.5
118800;0.0;0.25000000000028333;1.0;0.5
119000;0.0;0.25000000000028333;1.0;0.5
119200;0.0;0.25000000000028333;1.0;0.5
119400;0.0;0.25000000000028333;1.0;0.5
119600;0.0;0.25000000000028333;1.0;0.5
119800;0.0;0.25000000000028333;1.0;0.5
120000;0.0;0.25000000000028333;1.0;0.5
120200;0.0;0.25000000000028333;1.0;0.5
120400;0.0;0.25000000000028333;1.0;0.5
120600;0.0;0.25000000000028333;1.0;0.5
120800;0.0;0.25000000000028333;1.0;0.5
121000;0.0;0.25000000000028333;1.0;0.5
121200;0.0;0.25000000000028333;1.0;0.5
121400;0.0;0.25000000000028333;1.0;0.5
121600;0.0;0.25000000000028333;1.0;0.5
121800;0.0;0.25000000000028333;1.0;0.5
122000;0.0;0.25000000000028333;1.0;0.5
122200;0.0;0.25000000000028333;1.0;0.5
122400;0.0;0.25000000000028333;1.0;0.5
122600;0.0;0.25000000000028333;1.0;0.5
122800;0.0;0.25000000000028333;1.0;0.5
123000;0.0;0.25000000000028333;1.0;0.5
123200;0.0;0.25000000000028333;1.0;0.5
123400;0.0;0.25000000000028333;1.0;0.5
123600;0.0;0.25000000000028333;1.0;0.5
123800;0.0;0.25000000000028333;1.0;0.5
124000;0.0;0.25000000000028333;1.0;0.5
124200;0.0;0.25000000000028333;1.0;0.5
124400;0.0;0.25000000000028333;1.0;0.5
124600;0.0;0.25000000000028333;1.0;0.5
124800;0.0;0.25000000000028333;1.0;0.5
125000;0.0;0.25000000000028333;1.0;0.5
125200;0.0;0.25000000000028333;1.0;0.5
125400;0.0;0.25000000000028333;1.0;0.5
125600;0.0;0.25000000000028333;1.0;0.5
125800;0.0;0.25000000000028333;1.0;0.5
126000;0.0;0.25000000000028333;1.0;0.5
126200;0.0;0.25000000000028333;1.0;0.5
126400;0.0;0.25000000000028333;1.0;0.5
126600;0.0;0.25000000000028333;1.0;0.5
126800;0.0;0.25000000000028333;1.0;0.5
127000;0.0;0.25000000000028333;1.0;0.5
127200;0.0;0.25000000000028333;1.0;0.5
127400;0.0;0.25000000000028333;1.0;0.5
127600;0.0;0.25000000000028333;1.0;0.5
127800;0.0;0.25000000000028333;1.0;0.5
128000;0.0;0.25000000000028333;1.0;0.5
128200;0.0;0.25000000000028333;1.0;0.5
128400;0.0;0.25000000000028333;1.0;0.5
128600;0.0;0.25000000000028333;1.0;0.5
128800;0.0;0.25000000000028333;1.0;0.5
129000;0.0;0.25000000000028333;1.0;0.5
129200;0.0;0.25000000000028333;1.0;0.5
129400;0.0;0.25000000000028333;1.0;0.5
129600;0.0;0.25000000000028333;1.0;0.5
129800;0.0;0.25000000000028333;1.0;0.5
130000;0.0;0.25000000000028333;1.0;0.5
130200;0.0;0.25000000000028333;1.0;0.5
130400;0.0;0.25000000000028333;1.0;0.5
130600;0.0;0.25000000000028333;1.0;0.5
130800;0.0;0.25000000000028333;1.0;0.5
131000;0.0;0.25000000000028333;1.0;0.5
131200;0.0;0.25000000000028333;1.0;0.5
131400;0.0;0.25000000000028333;1.0;0.5
131600;0.0;0.25000000000028333;1.0;0.5
131800;0.0;0.25000000000028333;1.0;0.5
132000;0.0;0.25000000000028333;1.0;0.5
132200;0.0;0.25000000000028333;1.0;0.5
132400;0.0;0.25000000000028333;1.0;0.5
132600;0.0;0.25000000000028333;1.0;0.5
132800;0.0;0.25000000000028333;1.0;0.5
133000;0.0;0.25000000000028333;1.0;0.5
133200;0.0;0.25000000000028333;1.0;0.5
133400;0.0;0.25000000000028333;1.0;0.5
133600;0.0;0.25000000000028333;1.0;0.5
133800;0.0;0.25000000000028333;1.0;0.5
134000;0.0;0.25000000000028333;1.0;0.5
134200;0.0;0.25000000000028333;1.0;0.5
134400;0.0;0.25000000000028333;1.0;0.5
134600;0.0;0.25000000000028333;1.0;0.5
134800;0.0;0.25000000000028333;1.0;0.5
135000;0.0;0.25000000000028333;1.0;0.5
135200;0.0;0.25000000000028333;1.0;0.5
135400;0.0;0.25000000000028333;1.0;0.5
135600;0.0;0.25000000000028333;1.0;0.5
135800;0.0;0.25000000000028333;1.0;0.5
136000;0.0;0.25000000000028333;1.0;0.5
136200;0.0;0.25000000000028333;1.0;0.5
136400;0.0;0.25000000000028333;1.0;0.5
136600;0.0;0.25000000000028333;1.0;0.5
136800;0.0;0.25000000000028333;1.0;0.5
137000;0.0;0.25000000000028333;1.0;0.5
137200;0.0;0.25000000000028333;1.0;0.5
137400;0.0;0.25000000000028333;1.0;0.5
137600;0.0;0.25000000000028333;1.0;0.5
137800;0.0;0.25000000000028333;1.0;0.5
138000;0.0;0.25000000000028333;1.0;0.5
138200;0.0;0.25000000000028333;1.0;0.5
138400;0.0;0.25000000000028333;1.0;0.5
138600;0.0;0.25000000000028333;1.0;0.5
138800;0.0;0.25000000000028333;1.0;0.5
139000;0.0;0.25000000000028333;1.0;0.5
139200;0.0;0.25000000000028333;1.0;0.5
139400;0.0;0.25000000000028333;1.0;0.5
139600;0.0;0.25000000000028333;1.0;0.5
139800;0.0;0.25000000000028333;1.0;0.5
140000;0.0;0.25000000000028333;1.0;0.5
140200;0.0;0.25000000000028333;1.0;0.5
140400;0.0;0.25000000000028333;1.0;0.5
140600;0.0;0.25000000000028333;1.0;0.5
140800;0.0;0.25000000000028333;1.0;0.5
141000;0.0;0.25000000000028333;1.0;0.5
141200;0.0;0.25000000000028333;1.0;0.5
141400;0.0;0.25000000000028333;1.0;0.5
141600;0.0;0.25000000000028333;1.0;0.5
141800;0.0;0.25000000000028333;1.0;0.5
142000;0.0;0.25000000000028333;1.0;0.5
142200;0.0;0.25000000000028333;1.0;0.5
142400;0.0;0.25000000000028333;1.0;0.5
142600;0.0;0.25000000000028333;1.0;0.5
142800;0.0;0.25000000000028333;1.0;0.5
143000;0.0;0.25000000000028333;1.0;0.5
143200;0.0;0.25000000000028333;1.0;0.5
143400;0.0;0.25000000000028333;1.0;0.5
143600;0.0;0.25000000000028333;1.0;0.5
143800;0.0;0.25000000000028333;1.0;0.5
144000;0.0;0.25000000000028333;1.0;0.5
144200;0.0;0.25000000000028333;1.0;0.5
144400;0.0;0.25000000000028333;1.0;0.5
144600;0.0;0.25000000000028333;1.0;0.5
144800;0.0;0.25000000000028333;1.0;0.5
145000;0.0;0.25000000000028333;1.0;0.5
145200;0.0;0.25000000000028333;1.0;0.5
145400;0.0;0.25000000000028333;1.0;0.5
145600;0.0;0.25000000000028333;1.0;0.5
145800;0.0;0.25000000000028333;1.0;0.5
146000;0.0;0.25000000000028333;1.0;0.5
146200;0.0;0.25000000000028333;1.0;0.5
146400;0.0;0.25000000000028333;1.0;0.5
146600;0.0;0.25000000000028333;1.0;0.5
146800;0.0;0.25000000000028333;1.0;0.5
147000;0.0;0.25000000000028333;1.0;0.5
147200;0.0;0.25000000000028333;1.0;0.5
147400;0.0;0.25000000000028333;1.0;0.5
147600;0.0;0.25000000000028333;1.0;0.5
147800;0.0;0.25000000000028333;1.0;0.5
148000;0.0;0.25000000000028333;1.0;0.5
148200;0.0;0.25000000000028333;1.0;0.5
148400;0.0;0.25000000000028333;1.0;0.5
148600;0.0;0.25000000000028333;1.0;0.5
148800;0.0;0.25000000000028333;1.0;0.5
149000;0.0;0.25000000000028333;1.0;0.5
149200;0.0;0.25000000000028333;1.0;0.5
149400;0.0;0.25000000000028333;1.0;0.5
149600;0.0;0.25000000000028333;1.0;0.5
149800;0.0;0.25000000000028333;1.0;0.5
150000;0.0;0.25000000000028333;1.0;0.5
150200;0.0;0.25000000000028333;1.0;0.5
150400;0.0;0.25000000000028333;1.0;0.5
150600;0.0;0.25000000000028333;1.0;0.5
150800;0.0;0.25000000000028333;1.0;0.5
151000;0.0;0.25000000000028333;1.0;0.5
151200;0.0;0.25000000000028333;1.0;0.5
151400;0.0;0.25000000000028333;1.0;0.5
151600;0.0;0.25000000000028333;1.0;0.5
151800;0.0;0.25000000000028333;1.0;0.5
152000;0.0;0.25000000000028333;1.0;0.5
152200;0.0;0.25000000000028333;1.0;0.5
152400;0.0;0.25000000000028333;1.0;0.5
152600;0.0;0.25000000000028333;1.0;0.5
152800;0.0;0.25000000000028333;1.0;0.5
153000;0.0;0.25000000000028333;1.0;0.5
153200;0.0;0.25000000000028333;1.0;0.5
153400;0.0;0.25000000000028333;1.0;0.5
153600;0.0;0.25000000000028333;1.0;0.5
153800;0.0;0.25000000000028333;1.0;0.5
154000;0.0;0.25000000000028333;1.0;0.5
154200;0.0;0.25000000000028333;1.0;0.5
154400;0.0;0.25000000000028333;1.0;0.5
154600;0.0;0.25000000000028333;1.0;0.5
154800;0.0;0.25000000000028333;1.0;0.5
155000;0.0;0.25000000000028333;1.0;0.5
155200;0.0;0.25000000000028333;1.0;0.5
155400;0.0;0.25000000000028333;1.0;0.5
155600;0.0;0.25000000000028333;1.0;0.5
155800;0.0;0.25000000000028333;1.0;0.5
156000;0.0;0.25000000000028333;1.0;0.5
156200;0.0;0.25000000000028333;1.0;0.5
156400;0.0;0.25000000000028333;1.0;0.5
156600;0.0;0.25000000000028333;1.0;0.5
156800;0.0;0.25000000000028333;1.0;0.5
157000;0.0;0.25000000000028333;1.0;0.5
157200;0.0;0.25000000000028333;1.0;0.5
157400;0.0;0.25000000000028333;1.0;0.5
157600;0.0;0.25000000000028333;1.0;0.5
157800;0.0;0.25000000000028333;1.0;0.5
158000;0.0;0.25000000000028333;1.0;0.5
158200;0.0;0.25000000000028333;1.0;0.5
158400;0.0;0.25000000000028333;1.0;0.5
158600;0.0;0.25000000000028333;1.0;0.5
158800;0.0;0.25000000000028333;1.0;0.5
159000;0.0;0.25000000000028333;1.0;0.5
159200;0.0;0.25000000000028333;1.0;0.5
159400;0.0;0.25000000000028333;1.0;0.5
159600;0.0;0.25000000000028333;1.0;0.5
159800;0.0;0.25000000000028333;1.0;0.5
160000;0.0;0.25000000000028333;1.0;0.5
160200;0.0;0.25000000000028333;1.0;0.5
160400;0.0;0.25000000000028333;1.0;0.5
160600;0.0;0.25000000000028333;1.0;0.5
160800;0.0;0.25000000000028333;1.0;0.5
161000;0.0;0.25000000000028333;1.0;0.5
161200;0.0;0.25000000000028333;1.0;0.5
161400;0.0;0.25000000000028333;1.0;0.5
161600;0.0;0.25000000000028333;1.0;0.5
161800;0.0;0.25000000000028333;1.0;0.5
162000;0.0;0.25000000000028333;1.0;0.5
162200;0.0;0.25000000000028333;1.0;0.5
162400;0.0;0.25000000000028333;1.0;0.5
162600;0.0;0.25000000000028333;1.0;0.5
162800;0.0;0.25000000000028333;1.0;0.5
163000;0.0;0.25000000000028333;1.0;0.5
163200;0.0;0.25000000000028333;1.0;0.5
163400;0.0;0.25000000000028333;1.0;0.5
163600;0.0;0.25000000000028333;1.0;0.5
163800;0.0;0.25000000000028333;1.0;0.5
164000;0.0;0.25000000000028333;1.0;0.5
164200;0.0;0.25000000000028333;1.0;0.5
164400;0.0;0.25000000000028333;1.0;0.5
164600;0.0;0.25000000000028333;1.0;0.5
164800;0.0;0.25000000000028333;1.0;0.5
165000;0.0;0.25000000000028333;1.0;0.5
165200;0.0;0.25000000000028333;1.0;0.5
165400;0.0;0.25000000000028333;1.0;0.5
165600;0.0;0.25000000000028333;1.0;0.5
165800;0.0;0.25000000000028333;1.0;0.5
166000;0.0;0.25000000000028333;1.0;0.5
166200;0.0;0.25000000000028333;1.0;0.5
166400;0.0;0.25000000000028333;1.0;0.5
166600;0.0;0.25000000000028333;1.0;0.5
166800;0.0;0.25000000000028333;1.0;0.5
167000;0.0;0.25000000000028333;1.0;0.5
167200;0.0;0.25000000000028333;1.0;0.5
167400;0.0;0.25000000000028333;1.0;0.5
167600;0.0;0.25000000000028333;1.0;0.5
167800;0.0;0.25000000000028333;1.0;0.5
168000;0.0;0.25000000000028333;1.0;0.5
168200;0.0;0.25000000000028333;1.0;0.5
168400;0.0;0.25000000000028333;1.0;0.5
168600;0.0;0.25000000000028333;1.0;0.5
168800;0.0;0.25000000000028333;1.0;0.5
169000;0.0;0.25000000000028333;1.0;0.5
169200;0.0;0.25000000000028333;1.0;0.5
169400;0.0;0.25000000000028333;1.0;0.5
169600;0.0;0.25000000000028333;1.0;0.5
169800;0.0;0.25000000000028333;1.0;0.5
170000;0.0;0.25000000000028333;1.0;0.5
170200;0.0;0.25000000000028333;1.0;0.5
170400;0.0;0.25000000000028333;1.0;0.5
170600;0.0;0.25000000000028333;1.0;0.5
170800;0.0;0.25000000000028333;1.0;0.5
171000;0.0;0.25000000000028333;1.0;0.5
171200;0.0;0.25000000000028333;1.0;0.5
171400;0.0;0.25000000000028333;1.0;0.5
171600;0.0;0.25000000000028333;1.0;0.5
171800;0.0;0.25000000000028333;1.0;0.5
172000;0.0;0.25000000000028333;1.0;0.5
172200;0.0;0.25000000000028333;1.0;0.5
172400;0.0;0.25000000000028333;1.0;0.5
172600;0.0;0.25000000000028333;1.0;0.5
172800;0.0;0.25000000000028333;1.0;0.5
173000;0.0;0.25000000000028333;1.0;0.5
173200;0.0;0.25000000000028333;1.0;0.5
173400;0.0;0.25000000000028333;1.0;0.5
173600;0.0;0.25000000000028333;1.0;0.5
173800;0.0;0.25000000000028333;1.0;0.5
174000;0.0;0.25000000000028333;1.0;0.5
174200;0.0;0.25000000000028333;1.0;0.5
174400;0.0;0.25000000000028333;1.0;0.5
174600;0.0;0.25000000000028333;1.0;0.5
174800;0.0;0.25000000000028333;1.0;0.5
175000;0.0;0.25000000000028333;1.0;0.5
175200;0.0;0.25000000000028333;1.0;0.5
175400;0.0;0.25000000000028333;1.0;0.5
175600;0.0;0.25000000000028333;1.0;0.5
175800;0.0;0.25000000000028333;1.0;0.5
176000;0.0;0.25000000000028333;1.0;0.5
176200;0.0;0.25000000000028333;1.0;0.5
176400;0.0;0.25000000000028333;1.0;0.5
176600;0.0;0.25000000000028333;1.0;0.5
176800;0.0;0.25000000000028333;1.0;0.5
177000;0.0;0.25000000000028333;1.0;0.5
177200;0.0;0.25000000000028333;1.0;0.5
177400;0.0;0.25000000000028333;1.0;0.5
177600;0.0;0.25000000000028333;1.0;0.5
177800;0.0;0.25000000000028333;1.0;0.5
178000;0.0;0.25000000000028333;1.0;0.5
178200;0.0;0.25000000000028333;1.0;0.5
178400;0.0;0.25000000000028333;1.0;0.5
178600;0.0;0.25000000000028333;1.0;0.5
178800;0.0;0.25000000000028333;1.0;0.5
179000;0.0;0.25000000000028333;1.0;0.5
179200;0.0;0.25000000000028333;1.0;0.5
179400;0.0;0.25000000000028333;1.0;0.5
179600;0.0;0.25000000000028333;1.0;0.5
179800;0.0;0.25000000000028333;1.0;0.5
180000;0.0;0.25000000000028333;1.0;0.5
180200;0.0;0.25000000000028333;1.0;0.5
180400;0.0;0.25000000000028333;1.0;0.5
180600;0.0;0.25000000000028333;1.0;0.5
180800;0.0;0.25000000000028333;1.0;0.5
181000;0.0;0.25000000000028333;1.0;0.5
181200;0.0;0.25000000000028333;1.0;0.5
181400;0.0;0.25000000000028333;1.0;0.5
181600;0.0;0.25000000000028333;1.0;0.5
181800;0.0;0.25000000000028333;1.0;0.5
182000;0.0;0.25000000000028333;1.0;0.5
182200;0.0;0.25000000000028333;1.0;0.5
182400;0.0;0.25000000000028333;1.0;0.5
182600;0.0;0.25000000000028333;1.0;0.5
182800;0.0;0.25000000000028333;1.0;0.5
183000;0.0;0.25000000000028333;1.0;0.5
183200;0.0;0.25000000000028333;1.0;0.5
183400;0.0;0.25000000000028333;1.0;0.5
183600;0.0;0.25000000000028333;1.0;0.5
183800;0.0;0.25000000000028333;1.0;0.5
184000;0.0;0.25000000000028333;1.0;0.5
184200;0.0;0.25000000000028333;1.0;0.5
184400;0.0;0.25000000000028333;1.0;0.5
184600;0.0;0.25000000000028333;1.0;0.5
184800;0.0;0.25000000000028333;1.0;0.5
185000;0.0;0.25000000000028333;1.0;0.5
185200;0.0;0.25000000000028333;1.0;0.5
185400;0.0;0.25000000000028333;1.0;0.5
185600;0.0;0.25000000000028333;1.0;0.5
185800;0.0;0.25000000000028333;1.0;0.5
186000;0.0;0.25000000000028333;1.0;0.5
186200;0.0;0.25000000000028333;1.0;0.5
186400;0.0;0.25000000000028333;1.0;0.5
186600;0.0;0.25000000000028333;1.0;0.5
186800;0.0;0.25000000000028333;1.0;0.5
187000;0.0;0.25000000000028333;1.0;0.5
187200;0.0;0.25000000000028333;1.0;0.5
187400;0.0;0.25000000000028333;1.0;0.5
187600;0.0;0.25000000000028333;1.0;0.5
187800;0.0;0.25000000000028333;1.0;0.5
188000;0.0;0.25000000000028333;1.0;0.5
188200;0.0;0.25000000000028333;1.0;0.5
188400;0.0;0.25000000000028333;1.0;0.5
188600;0.0;0.25000000000028333;1.0;0.5
188800;0.0;0.25000000000028333;1.0;0.5
189000;0.0;0.25000000000028333;1.0;0.5
189200;0.0;0.25000000000028333;1.0;0.5
189400;0.0;0.25000000000028333;1.0;0.5
189600;0.0;0.25000000000028333;1.0;0.5
189800;0.0;0.25000000000028333;1.0;0.5
190000;0.0;0.25000000000028333;1.0;0.5
190200;0.0;0.25000000000028333;1.0;0.5
190400;0.0;0.25000000000028333;1.0;0.5
190600;0.0;0.25000000000028333;1.0;0.5
190800;0.0;0.25000000000028333;1.0;0.5
191000;0.0;0.25000000000028333;1.0;0.5
191200;0.0;0.25000000000028333;1.0;0.5
191400;0.0;0.25000000000028333;1.0;0.5
191600;0.0;0.25000000000028333;1.0;0.5
191800;0.0;0.25000000000028333;1.0;0.5
192000;0.0;0.25000000000028333;1.0;0.5
192200;0.0;0.25000000000028333;1.0;0.5
192400;0.0;0.25000000000028333;1.0;0.5
192600;0.0;0.25000000000028333;1.0;0.5
192800;0.0;0.25000000000028333;1.0;0.5
193000;0.0;0.25000000000028333;1.0;0.5
193200;0.0;0.25000000000028333;1.0;0.5
193400;0.0;0.25000000000028333;1.0;0.5
193600;0.0;0.25000000000028333;1.0;0.5
193800;0.0;0.25000000000028333;1.0;0.5
194000;0.0;0.25000000000028333;1.0;0.5
194200;0.0;0.25000000000028333;1.0;0.5
194400;0.0;0.25000000000028333;1.0;0.5
194600;0.0;0.25000000000028333;1.0;0.5
194800;0.0;0.25000000000028333;1.0;0.5
195000;0.0;0.25000000000028333;1.0;0.5
195200;0.0;0.25000000000028333;1.0;0.5
195400;0.0;0.25000000000028333;1.0;0.5
195600;0.0;0.25000000000028333;1.0;0.5
195800;0.0;0.25000000000028333;1.0;0.5
196000;0.0;0.25000000000028333;1.0;0.5
196200;0.0;0.25000000000028333;1.0;0.5
196400;0.0;0.25000000000028333;1.0;0.5
196600;0.0;0.25000000000028333;1.0;0.5
196800;0.0;0.25000000000028333;1.0;0.5
197000;0.0;0.25000000000028333;1.0;0.5
197200;0.0;0.25000000000028333;1.0;0.5
197400;0.0;0.25000000000028333;1.0;0.5
197600;0.0;0.25000000000028333;1.0;0.5
197800;0.0;0.25000000000028333;1.0;0.5
198000;0.0;0.25000000000028333;1.0;0.5
198200;0.0;0.25000000000028333;1.0;0.5
198400;0.0;0.25000000000028333;1.0;0.5
198600;0.0;0.25000000000028333;1.0;0.5
198800;0.0;0.25000000000028333;1.0;0.5
199000;0.0;0.25000000000028333;1.0;0.5
199200;0.0;0.25000000000028333;1.0;0.5
199400;0.0;0.25000000000028333;1.0;0.5
199600;0.0;0.25000000000028333;1.0;0.5
199800;0.0;0.25000000000028333;1.0;0.5
200000;0.0;0.25000000000028333;1.0;0.5
200;21.0;100;1.0;0.5
400;25.5;99.25;1.0;0.5
600;26.0;98.50000000000001;1.0;0.5
800;26.5;97.75000000000001;1.0;0.5
1000;23.5;97.00000000000001;1.0;0.5
1200;28.000000000000004;96.25000000000003;1.0;0.5
1400;21.5;95.50000000000003;1.0;0.5
1600;26.5;94.75000000000003;1.0;0.5
1800;25.0;94.00000000000004;1.0;0.5
2000;23.0;93.25000000000004;1.0;0.5
2200;22.0;92.50000000000004;1.0;0.5
2400;21.5;91.75000000000006;1.0;0.5
2600;27.500000000000004;91.00000000000006;1.0;0.5
2800;27.0;90.25000000000006;1.0;0.5
3000;30.5;89.50000000000007;1.0;0.5
3200;23.0;88.75000000000007;1.0;0.5
3400;19.0;88.00000000000009;1.0;0.5
3600;26.5;87.25000000000009;1.0;0.5
3800;26.5;86.50000000000009;1.0;0.5
4000;28.999999999999996;85.7500000000001;1.0;0.5
4200;23.5;85.0000000000001;1.0;0.5
4400;24.0;84.2500000000001;1.0;0.5
4600;22.5;83.50000000000011;1.0;0.5
4800;21.5;82.75000000000011;1.0;0.5
5000;26.0;82.00000000000011;1.0;0.5
5200;22.0;81.25000000000013;1.0;0.5
5400;21.0;80.50000000000013;1.0;0.5
5600;32.5;79.75000000000013;1.0;0.5
5800;26.0;79.00000000000014;1.0;0.5
6000;28.999999999999996;78.25000000000014;1.0;0.5
6200;27.500000000000004;77.50000000000014;1.0;0.5
6400;27.0;76.75000000000016;1.0;0.5
6600;30.0;76.00000000000016;1.0;0.5
6800;22.5;75.25000000000016;1.0;0.5
7000;27.500000000000004;74.50000000000017;1.0;0.5
7200;27.0;73.75000000000017;1.0;0.5
7400;25.5;73.00000000000017;1.0;0.5
7600;28.000000000000004;72.25000000000018;1.0;0.5
7800;25.0;71.50000000000018;1.0;0.5
8000;25.0;70.75000000000018;1.0;0.5
8200;24.5;70.0000000000002;1.0;0.5
8400;27.500000000000004;69.2500000000002;1.0;0.5
8600;28.000000000000004;68.5000000000002;1.0;0.5
8800;28.499999999999996;67.75000000000021;1.0;0.5
9000;25.0;67.00000000000021;1.0;0.5
9200;27.500000000000004;66.25000000000021;1.0;0.5
9400;24.5;65.50000000000023;1.0;0.5
9600;30.0;64.75000000000023;1.0;0.5
9800;30.5;64.00000000000023;1.0;0.5
10000;31.0;63.25000000000024;1.0;0.5
10200;22.5;62.50000000000024;1.0;0.5
10400;28.000000000000004;61.75000000000025;1.0;0.5
10600;28.000000000000004;61.000000000000256;1.0;0.5
10800;30.5;60.250000000000256;1.0;0.5
11000;25.5;59.50000000000026;1.0;0.5
11200;27.500000000000004;58.75000000000027;1.0;0.5
11400;31.5;58.00000000000027;1.0;0.5
11600;26.5;57.25000000000028;1.0;0.5
11800;21.5;56.500000000000284;1.0;0.5
12000;25.5;55.75000000000029;1.0;0.5
12200;27.0;55.00000000000029;1.0;0.5
12400;25.5;54.2500000000003;1.0;0.5
12600;31.5;53.500000000000306;1.0;0.5
12800;28.999999999999996;52.750000000000306;1.0;0.5
13000;23.0;52.00000000000031;1.0;0.5
13200;31.0;51.25000000000032;1.0;0.5
13400;26.0;50.50000000000032;1.0;0.5
13600;21.5;49.75000000000032;1.0;0.5
13800;25.0;49.00000000000032;1.0;0.5
14000;26.5;48.25000000000032;1.0;0.5
14200;27.500000000000004;47.50000000000032;1.0;0.5
14400;32.5;46.75000000000032;1.0;0.5
14600;25.5;46.00000000000032;1.0;0.5
14800;28.999999999999996;45.25000000000032;1.0;0.5
15000;29.5;44.50000000000032;1.0;0.5
15200;32.5;43.75000000000032;1.0;0.5
15400;35.0;43.00000000000031;1.0;0.5
15600;34.5;42.25000000000031;1.0;0.5
15800;26.0;41.50000000000031;1.0;0.5
16000;33.5;40.75000000000031;1.0;0.5
16200;28.499999999999996;40.00000000000031;1.0;0.5
16400;34.0;39.25000000000031;1.0;0.5
16600;28.499999999999996;38.50000000000031;1.0;0.5
16800;31.0;37.75000000000031;1.0;0.5
17000;37.0;37.00000000000031;1.0;0.5
17200;25.0;36.25000000000031;1.0;0.5
17400;36.5;35.50000000000031;1.0;0.5
17600;25.5;34.750000000000306;1.0;0.5
17800;39.0;34.000000000000306;1.0;0.5
18000;28.499999999999996;33.250000000000306;1.0;0.5
18200;28.000000000000004;32.500000000000306;1.0;0.5
18400;34.5;31.750000000000306;1.0;0.5
18600;37.5;31.000000000000306;1.0;0.5
18800;34.0;30.250000000000306;1.0;0.5
19000;33.0;29.500000000000306;1.0;0.5
19200;38.0;28.750000000000302;1.0;0.5
19400;36.5;28.000000000000302;1.0;0.5
19600;35.0;27.250000000000302;1.0;0.5
19800;37.5;26.500000000000302;1.0;0.5
20000;45.0;25.750000000000302;1.0;0.5
20200;37.5;25.0000000000003;1.0;0.5
20400;35.0;24.2500000000003;1.0;0.5
20600;35.5;23.5000000000003;1.0;0.5
20800;34.0;22.7500000000003;1.0;0.5
21000;44.0;22.0000000000003;1.0;0.5
21200;39.0;21.250000000000295;1.0;0.5
21400;37.5;20.500000000000295;1.0;0.5
21600;39.0;19.750000000000295;1.0;0.5
21800;40.5;19.000000000000295;1.0;0.5
22000;33.5;18.250000000000295;1.0;0.5
22200;36.5;17.50000000000029;1.0;0.5
22400;38.5;16.75000000000029;1.0;0.5
22600;37.5;16.00000000000029;1.0;0.5
22800;45.0;15.250000000000291;1.0;0.5
23000;36.0;14.500000000000291;1.0;0.5
23200;40.0;13.75000000000029;1.0;0.5
23400;41.0;13.00000000000029;1.0;0.5
23600;37.5;12.250000000000288;1.0;0.5
23800;38.5;11.500000000000288;1.0;0.5
24000;36.5;10.750000000000288;1.0;0.5
24200;43.5;10.000000000000286;1.0;0.5
24400;44.0;9.250000000000286;1.0;0.5
24600;40.5;8.500000000000284;1.0;0.5
24800;39.0;7.750000000000284;1.0;0.5
25000;39.5;7.000000000000284;1.0;0.5
25200;38.0;6.250000000000283;1.0;0.5
25400;41.5;5.500000000000283;1.0;0.5
25600;33.0;4.750000000000283;1.0;0.5
25800;41.0;4.000000000000283;1.0;0.5
26000;37.0;3.2500000000002833;1.0;0.5
26200;40.0;2.5000000000002833;1.0;0.5
26400;42.5;1.7500000000002833;1.0;0.5
26600;33.0;1.0000000000002833;1.0;0.5
26800;43.0;0.25000000000028333;1.0;0.5
27000;42.5;0.25000000000028333;1.0;0.5
27200;41.5;0.25000000000028333;1.0;0.5
27400;38.5;0.25000000000028333;1.0;0.5
27600;40.5;0.25000000000028333;1.0;0.5
27800;42.0;0.25000000000028333;1.0;0.5
28000;42.0;0.25000000000028333;1.0;0.5
28200;39.5;0.25000000000028333;1.0;0.5
28400;42.0;0.25000000000028333;1.0;0.5
28600;43.5;0.25000000000028333;1.0;0.5
28800;39.0;0.25000000000028333;1.0;0.5
29000;38.0;0.25000000000028333;1.0;0.5
29200;40.5;0.25000000000028333;1.0;0.5
29400;40.0;0.25000000000028333;1.0;0.5
29600;38.5;0.25000000000028333;1.0;0.5
29800;44.5;0.25000000000028333;1.0;0.5
30000;46.5;0.25000000000028333;1.0;0.5
30200;41.0;0.25000000000028333;1.0;0.5
30400;39.5;0.25000000000028333;1.0;0.5
30600;40.0;0.25000000000028333;1.0;0.5
30800;33.0;0.25000000000028333;1.0;0.5
31000;36.5;0.25000000000028333;1.0;0.5
31200;40.5;0.25000000000028333;1.0;0.5
31400;40.5;0.25000000000028333;1.0;0.5
31600;39.0;0.25000000000028333;1.0;0.5
31800;37.0;0.25000000000028333;1.0;0.5
32000;44.5;0.25000000000028333;1.0;0.5
32200;40.5;0.25000000000028333;1.0;0.5
32400;38.5;0.25000000000028333;1.0;0.5
32600;41.5;0.25000000000028333;1.0;0.5
32800;41.5;0.25000000000028333;1.0;0.5
33000;44.5;0.25000000000028333;1.0;0.5
33200;45.0;0.25000000000028333;1.0;0.5
33400;35.5;0.25000000000028333;1.0;0.5
33600;40.5;0.25000000000028333;1.0;0.5
33800;41.5;0.25000000000028333;1.0;0.5
34000;36.5;0.25000000000028333;1.0;0.5
34200;44.0;0.25000000000028333;1.0;0.5
34400;43.5;0.25000000000028333;1.0;0.5
34600;38.5;0.25000000000028333;1.0;0.5
34800;37.0;0.25000000000028333;1.0;0.5
35000;40.0;0.25000000000028333;1.0;0.5
35200;37.0;0.25000000000028333;1.0;0.5
35400;43.5;0.25000000000028333;1.0;0.5
35600;38.5;0.25000000000028333;1.0;0.5
35800;36.5;0.25000000000028333;1.0;0.5
36000;33.0;0.25000000000028333;1.0;0.5
36200;40.0;0.25000000000028333;1.0;0.5
36400;36.5;0.25000000000028333;1.0;0.5
36600;42.5;0.25000000000028333;1.0;0.5
36800;40.5;0.25000000000028333;1.0;0.5
37000;40.0;0.25000000000028333;1.0;0.5
37200;41.5;0.25000000000028333;1.0;0.5
37400;37.5;0.25000000000028333;1.0;0.5
37600;40.5;0.25000000000028333;1.0;0.5
37800;43.0;0.25000000000028333;1.0;0.5
38000;42.5;0.25000000000028333;1.0;0.5
38200;42.0;0.25000000000028333;1.0;0.5
38400;39.0;0.25000000000028333;1.0;0.5
38600;40.0;0.25000000000028333;1.0;0.5
38800;43.0;0.25000000000028333;1.0;0.5
39000;40.0;0.25000000000028333;1.0;0.5
39200;41.0;0.25000000000028333;1.0;0.5
39400;44.0;0.25000000000028333;1.0;0.5
39600;37.5;0.25000000000028333;1.0;0.5
39800;41.5;0.25000000000028333;1.0;0.5
40000;40.0;0.25000000000028333;1.0;0.5
40200;42.0;0.25000000000028333;1.0;0.5
40400;38.5;0.25000000000028333;1.0;0.5
40600;42.5;0.25000000000028333;1.0;0.5
40800;46.5;0.25000000000028333;1.0;0.5
41000;40.5;0.25000000000028333;1.0;0.5
41200;44.0;0.25000000000028333;1.0;0.5
41400;35.0;0.25000000000028333;1.0;0.5
41600;38.5;0.25000000000028333;1.0;0.5
41800;37.5;0.25000000000028333;1.0;0.5
42000;41.5;0.25000000000028333;1.0;0.5
42200;47.0;0.25000000000028333;1.0;0.5
42400;37.0;0.25000000000028333;1.0;0.5
42600;43.0;0.25000000000028333;1.0;0.5
42800;35.5;0.25000000000028333;1.0;0.5
43000;47.0;0.25000000000028333;1.0;0.5
43200;36.0;0.25000000000028333;1.0;0.5
43400;36.5;0.25000000000028333;1.0;0.5
43600;37.0;0.25000000000028333;1.0;0.5
43800;41.0;0.25000000000028333;1.0;0.5
44000;42.0;0.25000000000028333;1.0;0.5
44200;37.0;0.25000000000028333;1.0;0.5
44400;43.0;0.25000000000028333;1.0;0.5
44600;35.0;0.25000000000028333;1.0;0.5
44800;46.0;0.25000000000028333;1.0;0.5
45000;40.0;0.25000000000028333;1.0;0.5
45200;43.5;0.25000000000028333;1.0;0.5
45400;38.5;0.25000000000028333;1.0;0.5
45600;33.5;0.25000000000028333;1.0;0.5
45800;42.5;0.25000000000028333;1.0;0.5
46000;49.5;0.25000000000028333;1.0;0.5
46200;39.0;0.25000000000028333;1.0;0.5
46400;42.5;0.25000000000028333;1.0;0.5
46600;40.0;0.25000000000028333;1.0;0.5
46800;41.5;0.25000000000028333;1.0;0.5
47000;47.0;0.25000000000028333;1.0;0.5
47200;42.0;0.25000000000028333;1.0;0.5
47400;41.5;0.25000000000028333;1.0;0.5
47600;42.5;0.25000000000028333;1.0;0.5
47800;38.5;0.25000000000028333;1.0;0.5
48000;40.0;0.25000000000028333;1.0;0.5
48200;40.0;0.25000000000028333;1.0;0.5
48400;46.0;0.25000000000028333;1.0;0.5
48600;34.0;0.25000000000028333;1.0;0.5
48800;46.0;0.25000000000028333;1.0;0.5
49000;42.5;0.25000000000028333;1.0;0.5
49200;38.0;0.25000000000028333;1.0;0.5
49400;48.0;0.25000000000028333;1.0;0.5
49600;41.5;0.25000000000028333;1.0;0.5
49800;36.5;0.25000000000028333;1.0;0.5
50000;38.5;0.25000000000028333;1.0;0.5
50200;45.0;0.25000000000028333;1.0;0.5
50400;37.5;0.25000000000028333;1.0;0.5
50600;41.5;0.25000000000028333;1.0;0.5
50800;43.0;0.25000000000028333;1.0;0.5
51000;43.5;0.25000000000028333;1.0;0.5
51200;38.5;0.25000000000028333;1.0;0.5
51400;45.0;0.25000000000028333;1.0;0.5
51600;50.0;0.25000000000028333;1.0;0.5
51800;41.0;0.25000000000028333;1.0;0.5
52000;46.5;0.25000000000028333;1.0;0.5
52200;41.0;0.25000000000028333;1.0;0.5
52400;41.0;0.25000000000028333;1.0;0.5
52600;39.5;0.25000000000028333;1.0;0.5
52800;38.0;0.25000000000028333;1.0;0.5
53000;42.5;0.25000000000028333;1.0;0.5
53200;39.5;0.25000000000028333;1.0;0.5
53400;36.5;0.25000000000028333;1.0;0.5
53600;36.0;0.25000000000028333;1.0;0.5
53800;38.5;0.25000000000028333;1.0;0.5
54000;39.5;0.25000000000028333;1.0;0.5
54200;42.5;0.25000000000028333;1.0;0.5
54400;37.5;0.25000000000028333;1.0;0.5
54600;39.0;0.25000000000028333;1.0;0.5
54800;40.5;0.25000000000028333;1.0;0.5
55000;39.5;0.25000000000028333;1.0;0.5
55200;41.0;0.25000000000028333;1.0;0.5
55400;43.0;0.25000000000028333;1.0;0.5
55600;44.0;0.25000000000028333;1.0;0.5
55800;28.999999999999996;0.25000000000028333;1.0;0.5
56000;44.5;0.25000000000028333;1.0;0.5
56200;43.5;0.25000000000028333;1.0;0.5
56400;37.5;0.25000000000028333;1.0;0.5
56600;46.0;0.25000000000028333;1.0;0.5
56800;41.5;0.25000000000028333;1.0;0.5
57000;39.5;0.25000000000028333;1.0;0.5
57200;46.5;0.25000000000028333;1.0;0.5
57400;43.0;0.25000000000028333;1.0;0.5
57600;39.0;0.25000000000028333;1.0;0.5
57800;36.0;0.25000000000028333;1.0;0.5
58000;39.0;0.25000000000028333;1.0;0.5
58200;41.0;0.25000000000028333;1.0;0.5
58400;46.5;0.25000000000028333;1.0;0.5
58600;39.0;0.25000000000028333;1.0;0.5
58800;35.0;0.25000000000028333;1.0;0.5
59000;47.0;0.25000000000028333;1.0;0.5
59200;42.5;0.25000000000028333;1.0;0.5
59400;39.5;0.25000000000028333;1.0;0.5
59600;43.0;0.25000000000028333;1.0;0.5
59800;38.5;0.25000000000028333;1.0;0.5
60000;41.5;0.25000000000028333;1.0;0.5
60200;44.5;0.25000000000028333;1.0;0.5
60400;39.0;0.25000000000028333;1.0;0.5
60600;40.5;0.25000000000028333;1.0;0.5
60800;41.0;0.25000000000028333;1.0;0.5
61000;47.5;0.25000000000028333;1.0;0.5
61200;37.0;0.25000000000028333;1.0;0.5
61400;46.0;0.25000000000028333;1.0;0.5
61600;43.5;0.25000000000028333;1.0;0.5
61800;43.5;0.25000000000028333;1.0;0.5
62000;39.0;0.25000000000028333;1.0;0.5
62200;39.0;0.25000000000028333;1.0;0.5
62400;44.0;0.25000000000028333;1.0;0.5
62600;38.5;0.25000000000028333;1.0;0.5
62800;42.5;0.25000000000028333;1.0;0.5
63000;41.0;0.25000000000028333;1.0;0.5
63200;40.5;0.25000000000028333;1.0;0.5
63400;41.0;0.25000000000028333;1.0;0.5
63600;38.0;0.25000000000028333;1.0;0.5
63800;41.5;0.25000000000028333;1.0;0.5
64000;41.0;0.25000000000028333;1.0;0.5
64200;36.0;0.25000000000028333;1.0;0.5
64400;41.5;0.25000000000028333;1.0;0.5
64600;41.0;0.25000000000028333;1.0;0.5
64800;44.5;0.25000000000028333;1.0;0.5
65000;36.5;0.25000000000028333;1.0;0.5
65200;42.0;0.25000000000028333;1.0;0.5
65400;43.5;0.25000000000028333;1.0;0.5
65600;40.0;0.25000000000028333;1.0;0.5
65800;33.5;0.25000000000028333;1.0;0.5
66000;33.0;0.25000000000028333;1.0;0.5
66200;42.0;0.25000000000028333;1.0;0.5
66400;37.0;0.25000000000028333;1.0;0.5
66600;42.0;0.25000000000028333;1.0;0.5
66800;43.0;0.25000000000028333;1.0;0.5
67000;45.0;0.25000000000028333;1.0;0.5
67200;42.5;0.25000000000028333;1.0;0.5
67400;39.0;0.25000000000028333;1.0;0.5
67600;45.0;0.25000000000028333;1.0;0.5
67800;42.0;0.25000000000028333;1.0;0.5
68000;44.5;0.25000000000028333;1.0;0.5
68200;42.5;0.25000000000028333;1.0;0.5
68400;43.5;0.25000000000028333;1.0;0.5
68600;46.0;0.25000000000028333;1.0;0.5
68800;39.0;0.25000000000028333;1.0;0.5
69000;38.5;0.25000000000028333;1.0;0.5
69200;39.5;0.25000000000028333;1.0;0.5
69400;42.0;0.25000000000028333;1.0;0.5
69600;36.5;0.25000000000028333;1.0;0.5
69800;44.5;0.25000000000028333;1.0;0.5
70000;42.5;0.25000000000028333;1.0;0.5
70200;36.0;0.25000000000028333;1.0;0.5
70400;43.0;0.25000000000028333;1.0;0.5
70600;43.0;0.25000000000028333;1.0;0.5
70800;32.0;0.25000000000028333;1.0;0.5
71000;39.0;0.25000000000028333;1.0;0.5
71200;34.0;0.25000000000028333;1.0;0.5
71400;46.0;0.25000000000028333;1.0;0.5
71600;40.5;0.25000000000028333;1.0;0.5
71800;40.0;0.25000000000028333;1.0;0.5
72000;42.5;0.25000000000028333;1.0;0.5
72200;36.5;0.25000000000028333;1.0;0.5
72400;39.5;0.25000000000028333;1.0;0.5
72600;45.0;0.25000000000028333;1.0;0.5
72800;43.5;0.25000000000028333;1.0;0.5
73000;44.0;0.25000000000028333;1.0;0.5
73200;37.5;0.25000000000028333;1.0;0.5
73400;48.0;0.25000000000028333;1.0;0.5
73600;45.0;0.25000000000028333;1.0;0.5
73800;36.0;0.25000000000028333;1.0;0.5
74000;39.0;0.25000000000028333;1.0;0.5
74200;43.0;0.25000000000028333;1.0;0.5
74400;42.0;0.25000000000028333;1.0;0.5
74600;42.5;0.25000000000028333;1.0;0.5
74800;37.5;0.25000000000028333;1.0;0.5
75000;44.0;0.25000000000028333;1.0;0.5
75200;31.0;0.25000000000028333;1.0;0.5
75400;44.0;0.25000000000028333;1.0;0.5
75600;37.5;0.25000000000028333;1.0;0.5
75800;38.5;0.25000000000028333;1.0;0.5
76000;39.5;0.25000000000028333;1.0;0.5
76200;42.0;0.25000000000028333;1.0;0.5
76400;39.0;0.25000000000028333;1.0;0.5
76600;36.0;0.25000000000028333;1.0;0.5
76800;43.0;0.25000000000028333;1.0;0.5
77000;43.0;0.25000000000028333;1.0;0.5
77200;41.0;0.25000000000028333;1.0;0.5
77400;38.0;0.25000000000028333;1.0;0.5
77600;46.5;0.25000000000028333;1.0;0.5
77800;43.0;0.25000000000028333;1.0;0.5
78000;40.5;0.25000000000028333;1.0;0.5
78200;35.0;0.25000000000028333;1.0;0.5
78400;39.0;0.25000000000028333;1.0;0.5
78600;36.0;0.25000000000028333;1.0;0.5
78800;45.5;0.25000000000028333;1.0;0.5
79000;39.0;0.25000000000028333;1.0;0.5
79200;46.0;0.25000000000028333;1.0;0.5
79400;41.0;0.25000000000028333;1.0;0.5
79600;35.0;0.25000000000028333;1.0;0.5
79800;42.5;0.25000000000028333;1.0;0.5
80000;46.5;0.25000000000028333;1.0;0.5
80200;40.5;0.25000000000028333;1.0;0.5
80400;35.5;0.25000000000028333;1.0;0.5
80600;43.5;0.25000000000028333;1.0;0.5
80800;49.5;0.25000000000028333;1.0;0.5
81000;39.0;0.25000000000028333;1.0;0.5
81200;43.0;0.25000000000028333;1.0;0.5
81400;38.5;0.25000000000028333;1.0;0.5
81600;39.0;0.25000000000028333;1.0;0.5
81800;40.5;0.25000000000028333;1.0;0.5
82000;41.5;0.25000000000028333;1.0;0.5
82200;38.0;0.25000000000028333;1.0;0.5
82400;44.0;0.25000000000028333;1.0;0.5
82600;42.0;0.25000000000028333;1.0;0.5
82800;39.0;0.25000000000028333;1.0;0.5
83000;43.5;0.25000000000028333;1.0;0.5
83200;42.0;0.25000000000028333;1.0;0.5
83400;41.0;0.25000000000028333;1.0;0.5
83600;43.5;0.25000000000028333;1.0;0.5
83800;38.5;0.25000000000028333;1.0;0.5
84000;43.5;0.25000000000028333;1.0;0.5
84200;42.5;0.25000000000028333;1.0;0.5
84400;41.5;0.25000000000028333;1.0;0.5
84600;40.0;0.25000000000028333;1.0;0.5
84800;40.0;0.25000000000028333;1.0;0.5
85000;39.5;0.25000000000028333;1.0;0.5
85200;38.0;0.25000000000028333;1.0;0.5
85400;41.5;0.25000000000028333;1.0;0.5
85600;34.5;0.25000000000028333;1.0;0.5
85800;44.0;0.25000000000028333;1.0;0.5
86000;40.5;0.25000000000028333;1.0;0.5
86200;42.5;0.25000000000028333;1.0;0.5
86400;42.5;0.25000000000028333;1.0;0.5
86600;45.5;0.25000000000028333;1.0;0.5
86800;43.5;0.25000000000028333;1.0;0.5
87000;41.0;0.25000000000028333;1.0;0.5
87200;36.5;0.25000000000028333;1.0;0.5
87400;41.0;0.25000000000028333;1.0;0.5
87600;45.5;0.25000000000028333;1.0;0.5
87800;43.5;0.25000000000028333;1.0;0.5
88000;40.5;0.25000000000028333;1.0;0.5
88200;46.0;0.25000000000028333;1.0;0.5
88400;40.5;0.25000000000028333;1.0;0.5
88600;43.0;0.25000000000028333;1.0;0.5
88800;45.5;0.25000000000028333;1.0;0.5
89000;36.0;0.25000000000028333;1.0;0.5
89200;42.0;0.25000000000028333;1.0;0.5
89400;35.5;0.25000000000028333;1.0;0.5
89600;40.0;0.25000000000028333;1.0;0.5
89800;35.5;0.25000000000028333;1.0;0.5
90000;39.5;0.25000000000028333;1.0;0.5
90200;40.5;0.25000000000028333;1.0;0.5
90400;45.5;0.25000000000028333;1.0;0.5
90600;43.5;0.25000000000028333;1.0;0.5
90800;42.0;0.25000000000028333;1.0;0.5
91000;42.0;0.25000000000028333;1.0;0.5
91200;38.0;0.25000000000028333;1.0;0.5
91400;45.0;0.25000000000028333;1.0;0.5
91600;43.5;0.25000000000028333;1.0;0.5
91800;46.5;0.25000000000028333;1.0;0.5
92000;41.5;0.25000000000028333;1.0;0.5
92200;41.5;0.25000000000028333;1.0;0.5
92400;43.0;0.25000000000028333;1.0;0.5
92600;42.0;0.25000000000028333;1.0;0.5
92800;39.0;0.25000000000028333;1.0;0.5
93000;44.5;0.25000000000028333;1.0;0.5
93200;42.5;0.25000000000028333;1.0;0.5
93400;41.5;0.25000000000028333;1.0;0.5
93600;37.5;0.25000000000028333;1.0;0.5
93800;44.5;0.25000000000028333;1.0;0.5
94000;41.0;0.25000000000028333;1.0;0.5
94200;36.5;0.25000000000028333;1.0;0.5
94400;42.0;0.25000000000028333;1.0;0.5
94600;43.5;0.25000000000028333;1.0;0.5
94800;39.0;0.25000000000028333;1.0;0.5
95000;36.5;0.25000000000028333;1.0;0.5
95200;42.0;0.25000000000028333;1.0;0.5
95400;43.0;0.25000000000028333;1.0;0.5
95600;38.0;0.25000000000028333;1.0;0.5
95800;41.5;0.25000000000028333;1.0;0.5
96000;39.5;0.25000000000028333;1.0;0.5
96200;40.0;0.25000000000028333;1.0;0.5
96400;45.0;0.25000000000028333;1.0;0.5
96600;39.0;0.25000000000028333;1.0;0.5
96800;41.5;0.25000000000028333;1.0;0.5
97000;38.5;0.25000000000028333;1.0;0.5
97200;44.0;0.25000000000028333;1.0;0.5
97400;39.5;0.25000000000028333;1.0;0.5
97600;42.0;0.25000000000028333;1.0;0.5
97800;44.5;0.25000000000028333;1.0;0.5
98000;40.5;0.25000000000028333;1.0;0.5
98200;37.5;0.25000000000028333;1.0;0.5
98400;39.0;0.25000000000028333;1.0;0.5
98600;43.0;0.25000000000028333;1.0;0.5
98800;39.5;0.25000000000028333;1.0;0.5
99000;48.5;0.25000000000028333;1.0;0.5
99200;36.0;0.25000000000028333;1.0;0.5
99400;41.0;0.25000000000028333;1.0;0.5
99600;44.5;0.25000000000028333;1.0;0.5
99800;39.5;0.25000000000028333;1.0;0.5
100000;44.0;0.25000000000028333;1.0;0.5
100200;39.0;0.25000000000028333;1.0;0.5
100400;39.0;0.25000000000028333;1.0;0.5
100600;38.5;0.25000000000028333;1.0;0.5
100800;37.0;0.25000000000028333;1.0;0.5
101000;42.5;0.25000000000028333;1.0;0.5
101200;39.5;0.25000000000028333;1.0;0.5
101400;43.0;0.25000000000028333;1.0;0.5
101600;38.5;0.25000000000028333;1.0;0.5
101800;45.5;0.25000000000028333;1.0;0.5
102000;41.5;0.25000000000028333;1.0;0.5
102200;46.5;0.25000000000028333;1.0;0.5
102400;45.0;0.25000000000028333;1.0;0.5
102600;38.0;0.25000000000028333;1.0;0.5
102800;45.5;0.25000000000028333;1.0;0.5
103000;47.5;0.25000000000028333;1.0;0.5
103200;43.5;0.25000000000028333;1.0;0.5
103400;36.0;0.25000000000028333;1.0;0.5
103600;44.5;0.25000000000028333;1.0;0.5
103800;36.5;0.25000000000028333;1.0;0.5
104000;39.5;0.25000000000028333;1.0;0.5
104200;47.5;0.25000000000028333;1.0;0.5
104400;44.0;0.25000000000028333;1.0;0.5
104600;43.5;0.25000000000028333;1.0;0.5
104800;42.5;0.25000000000028333;1.0;0.5
105000;44.0;0.25000000000028333;1.0;0.5
105200;44.0;0.25000000000028333;1.0;0.5
105400;40.5;0.25000000000028333;1.0;0.5
105600;44.0;0.25000000000028333;1.0;0.5
105800;39.5;0.25000000000028333;1.0;0.5
106000;43.5;0.25000000000028333;1.0;0.5
106200;44.5;0.25000000000028333;1.0;0.5
106400;50.0;0.25000000000028333;1.0;0.5
106600;41.0;0.25000000000028333;1.0;0.5
106800;41.5;0.25000000000028333;1.0;0.5
107000;45.0;0.25000000000028333;1.0;0.5
107200;40.5;0.25000000000028333;1.0;0.5
107400;40.5;0.25000000000028333;1.0;0.5
107600;45.0;0.25000000000028333;1.0;0.5
107800;41.0;0.25000000000028333;1.0;0.5
108000;40.5;0.25000000000028333;1.0;0.5
108200;40.5;0.25000000000028333;1.0;0.5
108400;39.5;0.25000000000028333;1.0;0.5
108600;40.0;0.25000000000028333;1.0;0.5
108800;45.5;0.25000000000028333;1.0;0.5
109000;42.5;0.25000000000028333;1.0;0.5
109200;45.5;0.25000000000028333;1.0;0.5
109400;47.0;0.25000000000028333;1.0;0.5
109600;45.0;0.25000000000028333;1.0;0.5
109800;36.5;0.25000000000028333;1.0;0.5
110000;39.5;0.25000000000028333;1.0;0.5
110200;43.0;0.25000000000028333;1.0;0.5
110400;45.0;0.25000000000028333;1.0;0.5
110600;43.5;0.25000000000028333;1.0;0.5
110800;41.0;0.25000000000028333;1.0;0.5
111000;40.5;0.25000000000028333;1.0;0.5
111200;35.5;0.25000000000028333;1.0;0.5
111400;41.5;0.25000000000028333;1.0;0.5
111600;34.0;0.25000000000028333;1.0;0.5
111800;41.5;0.25000000000028333;1.0;0.5
112000;43.0;0.25000000000028333;1.0;0.5
112200;38.5;0.25000000000028333;1.0;0.5
112400;44.5;0.25000000000028333;1.0;0.5
112600;44.0;0.25000000000028333;1.0;0.5
112800;41.0;0.25000000000028333;1.0;0.5
113000;41.0;0.25000000000028333;1.0;0.5
113200;42.5;0.25000000000028333;1.0;0.5
113400;44.5;0.25000000000028333;1.0;0.5
113600;39.0;0.25000000000028333;1.0;0.5
113800;36.0;0.25000000000028333;1.0;0.5
114000;43.5;0.25000000000028333;1.0;0.5
114200;43.0;0.25000000000028333;1.0;0.5
114400;36.0;0.25000000000028333;1.0;0.5
114600;41.0;0.25000000000028333;1.0;0.5
114800;45.0;0.25000000000028333;1.0;0.5
115000;45.0;0.25000000000028333;1.0;0.5
115200;42.5;0.25000000000028333;1.0;0.5
115400;38.5;0.25000000000028333;1.0;0.5
115600;40.5;0.25000000000028333;1.0;0.5
115800;41.5;0.25000000000028333;1.0;0.5
116000;40.0;0.25000000000028333;1.0;0.5
116200;38.5;0.25000000000028333;1.0;0.5
116400;44.0;0.25000000000028333;1.0;0.5
116600;45.0;0.25000000000028333;1.0;0.5
116800;42.0;0.25000000000028333;1.0;0.5
117000;42.0;0.25000000000028333;1.0;0.5
117200;38.5;0.25000000000028333;1.0;0.5
117400;41.0;0.25000000000028333;1.0;0.5
117600;38.0;0.25000000000028333;1.0;0.5
117800;41.5;0.25000000000028333;1.0;0.5
118000;43.0;0.25000000000028333;1.0;0.5
118200;37.5;0.25000000000028333;1.0;0.5
118400;36.0;0.25000000000028333;1.0;0.5
118600;40.0;0.25000000000028333;1.0;0.5
118800;40.0;0.25000000000028333;1.0;0.5
119000;35.0;0.25000000000028333;1.0;0.5
119200;46.0;0.25000000000028333;1.0;0.5
119400;40.0;0.25000000000028333;1.0;0.5
119600;39.5;0.25000000000028333;1.0;0.5
119800;41.5;0.25000000000028333;1.0;0.5
120000;41.0;0.25000000000028333;1.0;0.5
120200;42.5;0.25000000000028333;1.0;0.5
120400;40.5;0.25000000000028333;1.0;0.5
120600;39.0;0.25000000000028333;1.0;0.5
120800;39.5;0.25000000000028333;1.0;0.5
121000;42.0;0.25000000000028333;1.0;0.5
121200;43.0;0.25000000000028333;1.0;0.5
121400;36.0;0.25000000000028333;1.0;0.5
121600;44.0;0.25000000000028333;1.0;0.5
121800;49.5;0.25000000000028333;1.0;0.5
122000;42.5;0.25000000000028333;1.0;0.5
122200;43.0;0.25000000000028333;1.0;0.5
122400;38.5;0.25000000000028333;1.0;0.5
122600;41.0;0.25000000000028333;1.0;0.5
122800;39.5;0.25000000000028333;1.0;0.5
123000;41.5;0.25000000000028333;1.0;0.5
123200;42.5;0.25000000000028333;1.0;0.5
123400;43.5;0.25000000000028333;1.0;0.5
123600;49.0;0.25000000000028333;1.0;0.5
123800;43.0;0.25000000000028333;1.0;0.5
124000;39.5;0.25000000000028333;1.0;0.5
124200;40.0;0.25000000000028333;1.0;0.5
124400;41.0;0.25000000000028333;1.0;0.5
124600;41.0;0.25000000000028333;1.0;0.5
124800;41.5;0.25000000000028333;1.0;0.5
125000;40.5;0.25000000000028333;1.0;0.5
125200;40.5;0.25000000000028333;1.0;0.5
125400;37.5;0.25000000000028333;1.0;0.5
125600;41.5;0.25000000000028333;1.0;0.5
125800;41.5;0.25000000000028333;1.0;0.5
126000;34.5;0.25000000000028333;1.0;0.5
126200;41.0;0.25000000000028333;1.0;0.5
126400;44.0;0.25000000000028333;1.0;0.5
126600;43.5;0.25000000000028333;1.0;0.5
126800;43.0;0.25000000000028333;1.0;0.5
127000;50.5;0.25000000000028333;1.0;0.5
127200;43.0;0.25000000000028333;1.0;0.5
127400;42.5;0.25000000000028333;1.0;0.5
127600;35.5;0.25000000000028333;1.0;0.5
127800;44.5;0.25000000000028333;1.0;0.5
128000;43.0;0.25000000000028333;1.0;0.5
128200;42.0;0.25000000000028333;1.0;0.5
128400;46.5;0.25000000000028333;1.0;0.5
128600;37.5;0.25000000000028333;1.0;0.5
128800;48.0;0.25000000000028333;1.0;0.5
129000;43.0;0.25000000000028333;1.0;0.5
129200;44.0;0.25000000000028333;1.0;0.5
129400;44.0;0.25000000000028333;1.0;0.5
129600;45.5;0.25000000000028333;1.0;0.5
129800;44.0;0.25000000000028333;1.0;0.5
130000;46.5;0.25000000000028333;1.0;0.5
130200;38.5;0.25000000000028333;1.0;0.5
130400;48.5;0.25000000000028333;1.0;0.5
130600;39.5;0.25000000000028333;1.0;0.5
130800;40.5;0.25000000000028333;1.0;0.5
131000;40.5;0.25000000000028333;1.0;0.5
131200;44.5;0.25000000000028333;1.0;0.5
131400;46.5;0.25000000000028333;1.0;0.5
131600;48.0;0.25000000000028333;1.0;0.5
131800;47.0;0.25000000000028333;1.0;0.5
132000;42.5;0.25000000000028333;1.0;0.5
132200;39.5;0.25000000000028333;1.0;0.5
132400;45.0;0.25000000000028333;1.0;0.5
132600;43.0;0.25000000000028333;1.0;0.5
132800;39.5;0.25000000000028333;1.0;0.5
133000;41.0;0.25000000000028333;1.0;0.5
133200;44.5;0.25000000000028333;1.0;0.5
133400;36.0;0.25000000000028333;1.0;0.5
133600;43.0;0.25000000000028333;1.0;0.5
133800;46.5;0.25000000000028333;1.0;0.5
134000;44.0;0.25000000000028333;1.0;0.5
134200;41.5;0.25000000000028333;1.0;0.5
134400;38.0;0.25000000000028333;1.0;0.5
134600;44.0;0.25000000000028333;1.0;0.5
134800;40.0;0.25000000000028333;1.0;0.5
135000;45.0;0.25000000000028333;1.0;0.5
135200;41.5;0.25000000000028333;1.0;0.5
135400;42.0;0.25000000000028333;1.0;0.5
135600;46.0;0.25000000000028333;1.0;0.5
135800;38.0;0.25000000000028333;1.0;0.5
136000;42.5;0.25000000000028333;1.0;0.5
136200;40.0;0.25000000000028333;1.0;0.5
136400;41.5;0.25000000000028333;1.0;0.5
136600;39.5;0.25000000000028333;1.0;0.5
136800;38.5;0.25000000000028333;1.0;0.5
137000;38.5;0.25000000000028333;1.0;0.5
137200;37.0;0.25000000000028333;1.0;0.5
137400;45.0;0.25000000000028333;1.0;0.5
137600;38.5;0.25000000000028333;1.0;0.5
137800;43.0;0.25000000000028333;1.0;0.5
138000;49.5;0.25000000000028333;1.0;0.5
138200;44.5;0.25000000000028333;1.0;0.5
138400;43.5;0.25000000000028333;1.0;0.5
138600;37.0;0.25000000000028333;1.0;0.5
138800;39.5;0.25000000000028333;1.0;0.5
139000;41.0;0.25000000000028333;1.0;0.5
139200;38.0;0.25000000000028333;1.0;0.5
139400;44.0;0.25000000000028333;1.0;0.5
139600;45.0;0.25000000000028333;1.0;0.5
139800;44.5;0.25000000000028333;1.0;0.5
140000;42.0;0.25000000000028333;1.0;0.5
140200;42.0;0.25000000000028333;1.0;0.5
140400;40.5;0.25000000000028333;1.0;0.5
140600;43.5;0.25000000000028333;1.0;0.5
140800;38.5;0.25000000000028333;1.0;0.5
141000;36.0;0.25000000000028333;1.0;0.5
141200;42.5;0.25000000000028333;1.0;0.5
141400;45.5;0.25000000000028333;1.0;0.5
141600;42.5;0.25000000000028333;1.0;0.5
141800;43.0;0.25000000000028333;1.0;0.5
142000;42.5;0.25000000000028333;1.0;0.5
142200;47.5;0.25000000000028333;1.0;0.5
142400;46.5;0.25000000000028333;1.0;0.5
142600;39.0;0.25000000000028333;1.0;0.5
142800;37.5;0.25000000000028333;1.0;0.5
143000;40.5;0.25000000000028333;1.0;0.5
143200;46.0;0.25000000000028333;1.0;0.5
143400;43.5;0.25000000000028333;1.0;0.5
143600;46.0;0.25000000000028333;1.0;0.5
143800;44.0;0.25000000000028333;1.0;0.5
144000;41.0;0.25000000000028333;1.0;0.5
144200;39.5;0.25000000000028333;1.0;0.5
144400;44.5;0.25000000000028333;1.0;0.5
144600;44.5;0.25000000000028333;1.0;0.5
144800;40.5;0.25000000000028333;1.0;0.5
145000;44.0;0.25000000000028333;1.0;0.5
145200;37.5;0.25000000000028333;1.0;0.5
145400;41.5;0.25000000000028333;1.0;0.5
145600;35.5;0.25000000000028333;1.0;0.5
145800;41.0;0.25000000000028333;1.0;0.5
146000;39.5;0.25000000000028333;1.0;0.5
146200;40.5;0.25000000000028333;1.0;0.5
146400;39.5;0.25000000000028333;1.0;0.5
146600;42.5;0.25000000000028333;1.0;0.5
146800;39.0;0.25000000000028333;1.0;0.5
147000;46.5;0.25000000000028333;1.0;0.5
147200;43.5;0.25000000000028333;1.0;0.5
147400;45.0;0.25000000000028333;1.0;0.5
147600;43.5;0.25000000000028333;1.0;0.5
147800;40.0;0.25000000000028333;1.0;0.5
148000;44.0;0.25000000000028333;1.0;0.5
148200;45.0;0.25000000000028333;1.0;0.5
148400;43.5;0.25000000000028333;1.0;0.5
148600;39.5;0.25000000000028333;1.0;0.5
148800;45.0;0.25000000000028333;1.0;0.5
149000;39.5;0.25000000000028333;1.0;0.5
149200;43.0;0.25000000000028333;1.0;0.5
149400;42.0;0.25000000000028333;1.0;0.5
149600;43.0;0.25000000000028333;1.0;0.5
149800;45.5;0.25000000000028333;1.0;0.5
150000;44.5;0.25000000000028333;1.0;0.5
150200;34.5;0.25000000000028333;1.0;0.5
150400;39.0;0.25000000000028333;1.0;0.5
150600;42.5;0.25000000000028333;1.0;0.5
150800;47.5;0.25000000000028333;1.0;0.5
151000;40.0;0.25000000000028333;1.0;0.5
151200;41.5;0.25000000000028333;1.0;0.5
151400;40.5;0.25000000000028333;1.0;0.5
151600;49.5;0.25000000000028333;1.0;0.5
151800;44.5;0.25000000000028333;1.0;0.5
152000;39.0;0.25000000000028333;1.0;0.5
152200;46.5;0.25000000000028333;1.0;0.5
152400;42.0;0.25000000000028333;1.0;0.5
152600;37.5;0.25000000000028333;1.0;0.5
152800;42.0;0.25000000000028333;1.0;0.5
153000;39.5;0.25000000000028333;1.0;0.5
153200;42.0;0.25000000000028333;1.0;0.5
153400;37.5;0.25000000000028333;1.0;0.5
153600;37.0;0.25000000000028333;1.0;0.5
153800;47.5;0.25000000000028333;1.0;0.5
154000;40.0;0.25000000000028333;1.0;0.5
154200;38.5;0.25000000000028333;1.0;0.5
154400;41.0;0.25000000000028333;1.0;0.5
154600;34.0;0.25000000000028333;1.0;0.5
154800;44.0;0.25000000000028333;1.0;0.5
155000;38.0;0.25000000000028333;1.0;0.5
155200;38.5;0.25000000000028333;1.0;0.5
155400;37.0;0.25000000000028333;1.0;0.5
155600;42.5;0.25000000000028333;1.0;0.5
155800;41.0;0.25000000000028333;1.0;0.5
156000;42.0;0.25000000000028333;1.0;0.5
156200;39.5;0.25000000000028333;1.0;0.5
156400;41.5;0.25000000000028333;1.0;0.5
156600;42.0;0.25000000000028333;1.0;0.5
156800;44.5;0.25000000000028333;1.0;0.5
157000;47.0;0.25000000000028333;1.0;0.5
157200;47.0;0.25000000000028333;1.0;0.5
157400;43.0;0.25000000000028333;1.0;0.5
157600;38.5;0.25000000000028333;1.0;0.5
157800;40.0;0.25000000000028333;1.0;0.5
158000;40.5;0.25000000000028333;1.0;0.5
158200;37.5;0.25000000000028333;1.0;0.5
158400;43.0;0.25000000000028333;1.0;0.5
158600;41.5;0.25000000000028333;1.0;0.5
158800;48.0;0.25000000000028333;1.0;0.5
159000;46.0;0.25000000000028333;1.0;0.5
159200;33.0;0.25000000000028333;1.0;0.5
159400;46.0;0.25000000000028333;1.0;0.5
159600;38.5;0.25000000000028333;1.0;0.5
159800;39.0;0.25000000000028333;1.0;0.5
160000;39.0;0.25000000000028333;1.0;0.5
160200;40.5;0.25000000000028333;1.0;0.5
160400;41.5;0.25000000000028333;1.0;0.5
160600;41.5;0.25000000000028333;1.0;0.5
160800;43.5;0.25000000000028333;1.0;0.5
161000;40.5;0.25000000000028333;1.0;0.5
161200;44.5;0.25000000000028333;1.0;0.5
161400;38.5;0.25000000000028333;1.0;0.5
161600;42.5;0.25000000000028333;1.0;0.5
161800;41.5;0.25000000000028333;1.0;0.5
162000;40.0;0.25000000000028333;1.0;0.5
162200;45.5;0.25000000000028333;1.0;0.5
162400;36.5;0.25000000000028333;1.0;0.5
162600;41.0;0.25000000000028333;1.0;0.5
162800;41.5;0.25000000000028333;1.0;0.5
163000;37.5;0.25000000000028333;1.0;0.5
163200;42.0;0.25000000000028333;1.0;0.5
163400;40.0;0.25000000000028333;1.0;0.5
163600;39.5;0.25000000000028333;1.0;0.5
163800;39.0;0.25000000000028333;1.0;0.5
164000;40.5;0.25000000000028333;1.0;0.5
164200;43.5;0.25000000000028333;1.0;0.5
164400;43.0;0.25000000000028333;1.0;0.5
164600;42.0;0.25000000000028333;1.0;0.5
164800;39.0;0.25000000000028333;1.0;0.5
165000;46.5;0.25000000000028333;1.0;0.5
165200;46.5;0.25000000000028333;1.0;0.5
165400;44.0;0.25000000000028333;1.0;0.5
165600;43.5;0.25000000000028333;1.0;0.5
165800;36.5;0.25000000000028333;1.0;0.5
166000;35.5;0.25000000000028333;1.0;0.5
166200;48.0;0.25000000000028333;1.0;0.5
166400;39.0;0.25000000000028333;1.0;0.5
166600;47.0;0.25000000000028333;1.0;0.5
166800;39.5;0.25000000000028333;1.0;0.5
167000;40.5;0.25000000000028333;1.0;0.5
167200;37.0;0.25000000000028333;1.0;0.5
167400;43.5;0.25000000000028333;1.0;0.5
167600;44.0;0.25000000000028333;1.0;0.5
167800;44.5;0.25000000000028333;1.0;0.5
168000;41.0;0.25000000000028333;1.0;0.5
168200;38.5;0.25000000000028333;1.0;0.5
168400;46.5;0.25000000000028333;1.0;0.5
168600;38.5;0.25000000000028333;1.0;0.5
168800;42.5;0.25000000000028333;1.0;0.5
169000;41.0;0.25000000000028333;1.0;0.5
169200;41.5;0.25000000000028333;1.0;0.5
169400;40.0;0.25000000000028333;1.0;0.5
169600;38.5;0.25000000000028333;1.0;0.5
169800;42.0;0.25000000000028333;1.0;0.5
170000;42.0;0.25000000000028333;1.0;0.5
170200;46.5;0.25000000000028333;1.0;0.5
170400;42.5;0.25000000000028333;1.0;0.5
170600;45.0;0.25000000000028333;1.0;0.5
170800;40.0;0.25000000000028333;1.0;0.5
171000;46.5;0.25000000000028333;1.0;0.5
171200;40.5;0.25000000000028333;1.0;0.5
171400;43.5;0.25000000000028333;1.0;0.5
171600;48.5;0.25000000000028333;1.0;0.5
171800;39.0;0.25000000000028333;1.0;0.5
172000;38.0;0.25000000000028333;1.0;0.5
172200;42.0;0.25000000000028333;1.0;0.5
172400;40.0;0.25000000000028333;1.0;0.5
172600;38.5;0.25000000000028333;1.0;0.5
172800;44.0;0.25000000000028333;1.0;0.5
173000;39.5;0.25000000000028333;1.0;0.5
173200;40.5;0.25000000000028333;1.0;0.5
173400;37.5;0.25000000000028333;1.0;0.5
173600;44.0;0.25000000000028333;1.0;0.5
173800;41.0;0.25000000000028333;1.0;0.5
174000;41.0;0.25000000000028333;1.0;0.5
174200;42.5;0.25000000000028333;1.0;0.5
174400;39.5;0.25000000000028333;1.0;0.5
174600;38.0;0.25000000000028333;1.0;0.5
174800;37.5;0.25000000000028333;1.0;0.5
175000;44.0;0.25000000000028333;1.0;0.5
175200;38.5;0.25000000000028333;1.0;0.5
175400;36.5;0.25000000000028333;1.0;0.5
175600;39.5;0.25000000000028333;1.0;0.5
175800;40.5;0.25000000000028333;1.0;0.5
176000;45.5;0.25000000000028333;1.0;0.5
176200;45.0;0.25000000000028333;1.0;0.5
176400;41.5;0.25000000000028333;1.0;0.5
176600;48.5;0.25000000000028333;1.0;0.5
176800;42.0;0.25000000000028333;1.0;0.5
177000;37.0;0.25000000000028333;1.0;0.5
177200;42.0;0.25000000000028333;1.0;0.5
177400;35.0;0.25000000000028333;1.0;0.5
177600;41.0;0.25000000000028333;1.0;0.5
177800;42.5;0.25000000000028333;1.0;0.5
178000;49.0;0.25000000000028333;1.0;0.5
178200;34.5;0.25000000000028333;1.0;0.5
178400;42.5;0.25000000000028333;1.0;0.5
178600;39.5;0.25000000000028333;1.0;0.5
178800;44.5;0.25000000000028333;1.0;0.5
179000;40.0;0.25000000000028333;1.0;0.5
179200;48.0;0.25000000000028333;1.0;0.5
179400;42.0;0.25000000000028333;1.0;0.5
179600;39.5;0.25000000000028333;1.0;0.5
179800;45.0;0.25000000000028333;1.0;0.5
180000;43.0;0.25000000000028333;1.0;0.5
180200;34.0;0.25000000000028333;1.0;0.5
180400;46.5;0.25000000000028333;1.0;0.5
180600;38.5;0.25000000000028333;1.0;0.5
180800;39.5;0.25000000000028333;1.0;0.5
181000;42.5;0.25000000000028333;1.0;0.5
181200;39.0;0.25000000000028333;1.0;0.5
181400;46.0;0.25000000000028333;1.0;0.5
181600;43.0;0.25000000000028333;1.0;0.5
181800;48.5;0.25000000000028333;1.0;0.5
182000;42.5;0.25000000000028333;1.0;0.5
182200;36.0;0.25000000000028333;1.0;0.5
182400;41.5;0.25000000000028333;1.0;0.5
182600;42.0;0.25000000000028333;1.0;0.5
182800;42.0;0.25000000000028333;1.0;0.5
183000;47.5;0.25000000000028333;1.0;0.5
183200;36.0;0.25000000000028333;1.0;0.5
183400;38.0;0.25000000000028333;1.0;0.5
183600;44.5;0.25000000000028333;1.0;0.5
183800;45.0;0.25000000000028333;1.0;0.5
184000;45.5;0.25000000000028333;1.0;0.5
184200;40.0;0.25000000000028333;1.0;0.5
184400;41.5;0.25000000000028333;1.0;0.5
184600;41.0;0.25000000000028333;1.0;0.5
184800;38.5;0.25000000000028333;1.0;0.5
185000;36.0;0.25000000000028333;1.0;0.5
185200;50.0;0.25000000000028333;1.0;0.5
185400;45.0;0.25000000000028333;1.0;0.5
185600;46.0;0.25000000000028333;1.0;0.5
185800;44.0;0.25000000000028333;1.0;0.5
186000;35.5;0.25000000000028333;1.0;0.5
186200;39.5;0.25000000000028333;1.0;0.5
186400;44.0;0.25000000000028333;1.0;0.5
186600;43.0;0.25000000000028333;1.0;0.5
186800;39.5;0.25000000000028333;1.0;0.5
187000;39.5;0.25000000000028333;1.0;0.5
187200;39.5;0.25000000000028333;1.0;0.5
187400;38.5;0.25000000000028333;1.0;0.5
187600;37.5;0.25000000000028333;1.0;0.5
187800;43.5;0.25000000000028333;1.0;0.5
188000;40.0;0.25000000000028333;1.0;0.5
188200;42.5;0.25000000000028333;1.0;0.5
188400;47.0;0.25000000000028333;1.0;0.5
188600;39.5;0.25000000000028333;1.0;0.5
188800;38.0;0.25000000000028333;1.0;0.5
189000;36.0;0.25000000000028333;1.0;0.5
189200;42.5;0.25000000000028333;1.0;0.5
189400;39.0;0.25000000000028333;1.0;0.5
189600;38.0;0.25000000000028333;1.0;0.5
189800;36.0;0.25000000000028333;1.0;0.5
190000;40.0;0.25000000000028333;1.0;0.5
190200;48.5;0.25000000000028333;1.0;0.5
190400;42.5;0.25000000000028333;1.0;0.5
190600;40.0;0.25000000000028333;1.0;0.5
190800;38.5;0.25000000000028333;1.0;0.5
191000;37.5;0.25000000000028333;1.0;0.5
191200;40.0;0.25000000000028333;1.0;0.5
191400;43.0;0.25000000000028333;1.0;0.5
191600;37.5;0.25000000000028333;1.0;0.5
191800;39.0;0.25000000000028333;1.0;0.5
192000;46.0;0.25000000000028333;1.0;0.5
192200;40.0;0.25000000000028333;1.0;0.5
192400;42.0;0.25000000000028333;1.0;0.5
192600;34.0;0.25000000000028333;1.0;0.5
192800;42.0;0.25000000000028333;1.0;0.5
193000;39.5;0.25000000000028333;1.0;0.5
193200;41.5;0.25000000000028333;1.0;0.5
193400;38.5;0.25000000000028333;1.0;0.5
193600;41.0;0.25000000000028333;1.0;0.5
193800;43.0;0.25000000000028333;1.0;0.5
194000;38.5;0.25000000000028333;1.0;0.5
194200;47.0;0.25000000000028333;1.0;0.5
194400;43.5;0.25000000000028333;1.0;0.5
194600;35.5;0.25000000000028333;1.0;0.5
194800;43.5;0.25000000000028333;1.0;0.5
195000;45.0;0.25000000000028333;1.0;0.5
195200;49.5;0.25000000000028333;1.0;0.5
195400;38.5;0.25000000000028333;1.0;0.5
195600;40.0;0.25000000000028333;1.0;0.5
195800;43.0;0.25000000000028333;1.0;0.5
196000;44.5;0.25000000000028333;1.0;0.5
196200;38.0;0.25000000000028333;1.0;0.5
196400;44.0;0.25000000000028333;1.0;0.5
196600;39.5;0.25000000000028333;1.0;0.5
196800;36.5;0.25000000000028333;1.0;0.5
197000;35.5;0.25000000000028333;1.0;0.5
197200;44.5;0.25000000000028333;1.0;0.5
197400;42.0;0.25000000000028333;1.0;0.5
197600;34.5;0.25000000000028333;1.0;0.5
197800;43.5;0.25000000000028333;1.0;0.5
198000;44.0;0.25000000000028333;1.0;0.5
198200;43.5;0.25000000000028333;1.0;0.5
198400;38.0;0.25000000000028333;1.0;0.5
198600;42.5;0.25000000000028333;1.0;0.5
198800;33.5;0.25000000000028333;1.0;0.5
199000;36.5;0.25000000000028333;1.0;0.5
199200;40.0;0.25000000000028333;1.0;0.5
199400;43.5;0.25000000000028333;1.0;0.5
199600;41.5;0.25000000000028333;1.0;0.5
199800;40.0;0.25000000000028333;1.0;0.5
200000;37.5;0.25000000000028333;1.0;0.5
